id_venda;id_produto;id_vendedor;data;quantidade;preco_unitario;valor_total;custo;lucro
1;7;2;01/01/2023;5;139;695;205;490
2;4;5;02/01/2023;15;149;2235;330;1905
3;8;1;03/01/2023;18;126;2268;666;1602
4;5;1;04/01/2023;2;174;348;156;192
5;7;3;05/01/2023;11;86;946;374;572
6;10;4;06/01/2023;13;159;2067;390;1677
7;3;3;07/01/2023;4;125;500;124;376
8;7;4;08/01/2023;7;150;1050;658;392
9;8;2;09/01/2023;11;91;1001;363;638
10;5;2;10/01/2023;4;166;664;88;576
11;4;5;11/01/2023;15;97;1455;780;675
12;8;4;12/01/2023;1;110;110;52;58
13;8;5;13/01/2023;3;46;138;201;-63
14;3;1;14/01/2023;14;146;2044;630;1414
15;6;4;15/01/2023;6;79;474;348;126
16;5;3;16/01/2023;18;141;2538;1332;1206
17;2;1;17/01/2023;1;123;123;90;33
18;8;1;18/01/2023;6;197;1182;186;996
19;6;3;19/01/2023;6;114;684;558;126
20;2;1;20/01/2023;16;178;2848;1392;1456
21;5;4;21/01/2023;5;175;875;265;610
22;1;5;22/01/2023;17;186;3162;952;2210
23;10;1;23/01/2023;10;181;1810;620;1190
24;6;4;24/01/2023;18;103;1854;468;1386
25;9;2;25/01/2023;7;138;966;224;742
26;1;4;26/01/2023;3;174;522;279;243
27;10;5;27/01/2023;13;47;611;260;351
28;3;4;28/01/2023;15;71;1065;855;210
29;7;3;29/01/2023;19;130;2470;931;1539
30;4;5;30/01/2023;3;74;222;204;18
31;9;2;31/01/2023;4;111;444;304;140
32;3;3;01/02/2023;5;46;230;415;-185
33;5;4;02/02/2023;1;102;102;96;6
34;3;5;03/02/2023;4;43;172;120;52
35;7;2;04/02/2023;12;186;2232;264;1968
36;5;3;05/02/2023;10;161;1610;450;1160
37;9;2;06/02/2023;13;111;1443;312;1131
38;7;4;07/02/2023;14;177;2478;980;1498
39;2;2;08/02/2023;5;149;745;450;295
40;4;1;09/02/2023;4;149;596;336;260
41;9;3;10/02/2023;14;76;1064;476;588
42;2;2;11/02/2023;10;136;1360;190;1170
43;10;4;12/02/2023;17;137;2329;629;1700
44;9;4;13/02/2023;10;38;380;230;150
45;10;2;14/02/2023;7;108;756;504;252
46;5;4;15/02/2023;16;184;2944;1168;1776
47;2;5;16/02/2023;1;44;44;94;-50
48;4;5;17/02/2023;17;48;816;1156;-340
49;7;5;18/02/2023;9;119;1071;540;531
50;8;1;19/02/2023;6;55;330;216;114
51;3;2;20/02/2023;19;183;3477;1482;1995
52;1;1;21/02/2023;13;183;2379;286;2093
53;4;4;22/02/2023;3;121;363;102;261
54;2;1;23/02/2023;7;111;777;455;322
55;8;4;24/02/2023;9;160;1440;828;612
56;4;4;25/02/2023;5;71;355;265;90
57;2;3;26/02/2023;10;48;480;510;-30
58;6;5;27/02/2023;17;46;782;1088;-306
59;6;4;28/02/2023;12;190;2280;576;1704
60;10;3;01/03/2023;16;105;1680;1424;256
61;4;5;02/03/2023;3;92;276;141;135
62;6;4;03/03/2023;9;160;1440;405;1035
63;2;4;04/03/2023;15;136;2040;1020;1020
64;10;1;05/03/2023;5;78;390;290;100
65;2;1;06/03/2023;13;84;1092;624;468
66;10;5;07/03/2023;14;183;2562;1190;1372
67;4;4;08/03/2023;15;128;1920;1140;780
68;8;2;09/03/2023;16;81;1296;592;704
69;7;1;10/03/2023;13;129;1677;780;897
70;9;5;11/03/2023;17;146;2482;1190;1292
71;8;4;12/03/2023;8;147;1176;168;1008
72;5;4;13/03/2023;2;36;72;150;-78
73;2;2;14/03/2023;5;75;375;85;290
74;5;5;15/03/2023;6;75;450;312;138
75;8;4;16/03/2023;12;129;1548;1176;372
76;10;1;17/03/2023;18;173;3114;864;2250
77;9;2;18/03/2023;1;181;181;58;123
78;9;5;19/03/2023;17;83;1411;748;663
79;1;2;20/03/2023;11;91;1001;341;660
80;9;1;21/03/2023;10;158;1580;730;850
81;7;5;22/03/2023;19;78;1482;456;1026
82;9;2;23/03/2023;14;54;756;1372;-616
83;8;3;24/03/2023;10;39;390;320;70
84;1;1;25/03/2023;15;147;2205;885;1320
85;8;1;26/03/2023;19;173;3287;1387;1900
86;8;1;27/03/2023;4;186;744;304;440
87;3;3;28/03/2023;2;121;242;146;96
88;1;3;29/03/2023;9;163;1467;567;900
89;8;4;30/03/2023;10;173;1730;770;960
90;3;2;31/03/2023;11;177;1947;506;1441
91;3;4;01/04/2023;14;109;1526;336;1190
92;1;2;02/04/2023;7;100;700;175;525
93;5;3;03/04/2023;15;107;1605;1260;345
94;10;3;04/04/2023;19;72;1368;1444;-76
95;7;4;05/04/2023;15;183;2745;915;1830
96;10;5;06/04/2023;8;119;952;384;568
97;9;4;07/04/2023;11;107;1177;341;836
98;7;2;08/04/2023;9;190;1710;612;1098
99;9;4;09/04/2023;15;55;825;1350;-525
100;8;1;10/04/2023;1;150;150;99;51
101;2;2;11/04/2023;1;74;74;54;20
102;1;2;12/04/2023;19;92;1748;627;1121
103;7;5;13/04/2023;3;97;291;243;48
104;7;3;14/04/2023;10;183;1830;960;870
105;8;2;15/04/2023;8;31;248;536;-288
106;5;3;16/04/2023;15;171;2565;1170;1395
107;3;4;17/04/2023;10;137;1370;970;400
108;8;1;18/04/2023;1;59;59;61;-2
109;6;5;19/04/2023;18;78;1404;360;1044
110;3;3;20/04/2023;2;169;338;60;278
111;1;2;21/04/2023;19;73;1387;1634;-247
112;3;3;22/04/2023;13;190;2470;416;2054
113;5;2;23/04/2023;1;42;42;66;-24
114;3;3;24/04/2023;2;107;214;124;90
115;1;2;25/04/2023;16;155;2480;912;1568
116;5;4;26/04/2023;15;127;1905;795;1110
117;10;2;27/04/2023;13;55;715;819;-104
118;7;2;28/04/2023;16;178;2848;416;2432
119;7;1;29/04/2023;17;185;3145;408;2737
120;9;2;30/04/2023;7;77;539;595;-56
121;10;1;01/05/2023;17;197;3349;1173;2176
122;10;5;02/05/2023;7;95;665;105;560
123;3;1;03/05/2023;13;116;1508;819;689
124;7;4;04/05/2023;5;108;540;250;290
125;1;1;05/05/2023;17;52;884;595;289
126;4;5;06/05/2023;3;110;330;153;177
127;4;4;07/05/2023;7;77;539;266;273
128;5;3;08/05/2023;17;153;2601;1173;1428
129;7;3;09/05/2023;7;159;1113;273;840
130;7;1;10/05/2023;1;113;113;21;92
131;4;1;11/05/2023;17;49;833;1615;-782
132;7;5;12/05/2023;17;75;1275;1445;-170
133;3;5;13/05/2023;11;160;1760;935;825
134;6;2;14/05/2023;3;41;123;114;9
135;2;5;15/05/2023;15;69;1035;375;660
136;10;2;16/05/2023;11;95;1045;957;88
137;9;4;17/05/2023;16;129;2064;416;1648
138;5;1;18/05/2023;9;107;963;441;522
139;6;4;19/05/2023;1;45;45;77;-32
140;4;5;20/05/2023;16;112;1792;1312;480
141;10;4;21/05/2023;9;191;1719;639;1080
142;7;4;22/05/2023;19;73;1387;513;874
143;9;4;23/05/2023;12;163;1956;444;1512
144;7;5;24/05/2023;19;129;2451;1843;608
145;1;4;25/05/2023;9;51;459;477;-18
146;1;2;26/05/2023;7;47;329;658;-329
147;9;5;27/05/2023;14;41;574;364;210
148;9;4;28/05/2023;19;152;2888;912;1976
149;4;5;29/05/2023;19;146;2774;1615;1159
150;9;3;30/05/2023;2;80;160;178;-18
151;3;2;31/05/2023;9;100;900;405;495
152;7;4;01/06/2023;13;77;1001;988;13
153;6;3;02/06/2023;15;48;720;405;315
154;8;3;03/06/2023;3;35;105;135;-30
155;9;5;04/06/2023;11;113;1243;176;1067
156;5;3;05/06/2023;14;184;2576;406;2170
157;1;2;06/06/2023;8;82;656;568;88
158;3;2;07/06/2023;18;136;2448;1602;846
159;10;1;08/06/2023;19;130;2470;912;1558
160;8;2;09/06/2023;16;77;1232;1312;-80
161;6;3;10/06/2023;2;164;328;178;150
162;8;2;11/06/2023;8;98;784;344;440
163;9;5;12/06/2023;6;40;240;480;-240
164;4;1;13/06/2023;12;172;2064;360;1704
165;1;3;14/06/2023;15;160;2400;795;1605
166;1;1;15/06/2023;8;151;1208;728;480
167;10;3;16/06/2023;4;98;392;204;188
168;4;5;17/06/2023;15;52;780;1425;-645
169;7;1;18/06/2023;17;66;1122;595;527
170;2;4;19/06/2023;13;38;494;754;-260
171;3;3;20/06/2023;18;44;792;594;198
172;1;4;21/06/2023;2;160;320;170;150
173;5;1;22/06/2023;13;122;1586;286;1300
174;1;4;23/06/2023;13;46;598;1183;-585
175;8;4;24/06/2023;15;183;2745;1200;1545
176;1;1;25/06/2023;10;178;1780;550;1230
177;1;5;26/06/2023;3;101;303;267;36
178;2;4;27/06/2023;19;178;3382;1596;1786
179;2;4;28/06/2023;3;150;450;225;225
180;6;5;29/06/2023;14;40;560;560;0
181;7;4;30/06/2023;8;195;1560;680;880
182;5;4;01/07/2023;4;101;404;388;16
183;1;4;02/07/2023;11;135;1485;924;561
184;1;2;03/07/2023;11;154;1694;473;1221
185;3;5;04/07/2023;11;64;704;880;-176
186;2;4;05/07/2023;2;148;296;66;230
187;5;5;06/07/2023;17;43;731;1394;-663
188;10;3;07/07/2023;9;43;387;648;-261
189;6;3;08/07/2023;2;39;78;168;-90
190;7;4;09/07/2023;15;169;2535;1065;1470
191;4;5;10/07/2023;16;67;1072;816;256
192;7;5;11/07/2023;4;137;548;300;248
193;8;5;12/07/2023;8;148;1184;352;832
194;1;2;13/07/2023;9;63;567;765;-198
195;6;3;14/07/2023;5;198;990;435;555
196;8;5;15/07/2023;16;39;624;624;0
197;5;5;16/07/2023;13;151;1963;1027;936
198;4;2;17/07/2023;7;174;1218;140;1078
199;2;2;18/07/2023;17;174;2958;544;2414
200;6;5;19/07/2023;3;144;432;72;360
201;6;1;20/07/2023;5;30;150;125;25
202;1;5;21/07/2023;19;41;779;1501;-722
203;9;5;22/07/2023;12;132;1584;1092;492
204;6;2;23/07/2023;7;33;231;686;-455
205;3;2;24/07/2023;9;199;1791;711;1080
206;4;5;25/07/2023;6;170;1020;396;624
207;4;5;26/07/2023;17;127;2159;1377;782
208;3;5;27/07/2023;16;135;2160;1536;624
209;10;2;28/07/2023;3;114;342;276;66
210;3;5;29/07/2023;4;150;600;180;420
211;3;5;30/07/2023;10;161;1610;310;1300
212;4;4;31/07/2023;5;111;555;345;210
213;7;1;01/08/2023;10;48;480;500;-20
214;4;3;02/08/2023;12;159;1908;480;1428
215;9;1;03/08/2023;10;41;410;670;-260
216;1;4;04/08/2023;13;110;1430;403;1027
217;8;3;05/08/2023;11;103;1133;429;704
218;7;5;06/08/2023;16;127;2032;256;1776
219;2;4;07/08/2023;8;35;280;152;128
220;8;5;08/08/2023;8;165;1320;144;1176
221;1;2;09/08/2023;8;154;1232;400;832
222;9;4;10/08/2023;13;80;1040;260;780
223;9;2;11/08/2023;2;40;80;70;10
224;2;4;12/08/2023;12;156;1872;1092;780
225;7;4;13/08/2023;10;169;1690;400;1290
226;10;2;14/08/2023;12;102;1224;828;396
227;3;3;15/08/2023;11;31;341;583;-242
228;7;1;16/08/2023;15;37;555;1470;-915
229;10;5;17/08/2023;16;168;2688;752;1936
230;9;4;18/08/2023;17;153;2601;476;2125
231;4;5;19/08/2023;2;82;164;140;24
232;1;2;20/08/2023;18;39;702;1710;-1008
233;2;5;21/08/2023;12;141;1692;420;1272
234;1;2;22/08/2023;19;37;703;1140;-437
235;5;5;23/08/2023;18;65;1170;540;630
236;5;1;24/08/2023;17;135;2295;510;1785
237;7;1;25/08/2023;6;43;258;588;-330
238;9;1;26/08/2023;15;115;1725;645;1080
239;9;1;27/08/2023;3;178;534;66;468
240;3;1;28/08/2023;6;79;474;102;372
241;3;1;29/08/2023;3;196;588;99;489
242;3;2;30/08/2023;1;49;49;80;-31
243;4;4;31/08/2023;13;116;1508;1209;299
244;8;5;01/09/2023;14;164;2296;1232;1064
245;6;1;02/09/2023;13;166;2158;1248;910
246;8;2;03/09/2023;4;158;632;144;488
247;1;2;04/09/2023;7;183;1281;420;861
248;8;2;05/09/2023;10;195;1950;270;1680
249;4;4;06/09/2023;7;67;469;329;140
250;1;5;07/09/2023;15;73;1095;285;810
251;8;4;08/09/2023;15;115;1725;1365;360
252;4;3;09/09/2023;4;73;292;164;128
253;6;2;10/09/2023;6;103;618;552;66
254;8;3;11/09/2023;5;148;740;190;550
255;4;1;12/09/2023;12;151;1812;972;840
256;3;1;13/09/2023;1;163;163;77;86
257;9;4;14/09/2023;8;174;1392;496;896
258;3;5;15/09/2023;1;80;80;77;3
259;9;3;16/09/2023;5;67;335;460;-125
260;2;5;17/09/2023;6;181;1086;156;930
261;2;4;18/09/2023;3;80;240;126;114
262;2;1;19/09/2023;15;39;585;870;-285
263;6;5;20/09/2023;5;149;745;285;460
264;3;5;21/09/2023;14;178;2492;434;2058
265;9;1;22/09/2023;18;99;1782;972;810
266;4;3;23/09/2023;16;114;1824;1008;816
267;1;1;24/09/2023;6;86;516;594;-78
268;4;5;25/09/2023;14;155;2170;994;1176
269;1;3;26/09/2023;8;68;544;784;-240
270;5;3;27/09/2023;7;62;434;546;-112
271;4;1;28/09/2023;8;47;376;712;-336
272;8;5;29/09/2023;13;86;1118;923;195
273;8;4;30/09/2023;6;125;750;528;222
274;7;5;01/10/2023;18;77;1386;1584;-198
275;3;2;02/10/2023;2;71;142;168;-26
276;1;4;03/10/2023;8;56;448;720;-272
277;1;3;04/10/2023;11;103;1133;627;506
278;3;4;05/10/2023;1;139;139;37;102
279;6;3;06/10/2023;6;199;1194;246;948
280;7;3;07/10/2023;16;61;976;1152;-176
281;6;4;08/10/2023;12;55;660;612;48
282;6;3;09/10/2023;11;54;594;220;374
283;6;3;10/10/2023;10;104;1040;790;250
284;3;2;11/10/2023;3;52;156;60;96
285;6;5;12/10/2023;13;86;1118;832;286
286;8;5;13/10/2023;3;155;465;108;357
287;2;2;14/10/2023;15;116;1740;585;1155
288;5;4;15/10/2023;16;60;960;1488;-528
289;1;1;16/10/2023;13;93;1209;1118;91
290;1;1;17/10/2023;17;62;1054;1105;-51
291;5;1;18/10/2023;3;31;93;186;-93
292;3;2;19/10/2023;11;47;517;924;-407
293;4;2;20/10/2023;19;190;3610;1501;2109
294;3;3;21/10/2023;11;113;1243;814;429
295;1;1;22/10/2023;16;64;1024;960;64
296;1;4;23/10/2023;3;143;429;150;279
297;5;4;24/10/2023;6;175;1050;432;618
298;6;1;25/10/2023;14;139;1946;1260;686
299;3;1;26/10/2023;18;117;2106;936;1170
300;9;1;27/10/2023;17;101;1717;425;1292
301;5;2;28/10/2023;4;154;616;104;512
302;8;2;29/10/2023;15;59;885;840;45
303;1;2;30/10/2023;11;82;902;583;319
304;5;5;31/10/2023;3;167;501;255;246
305;3;4;01/11/2023;3;116;348;75;273
306;1;4;02/11/2023;16;168;2688;800;1888
307;4;3;03/11/2023;5;193;965;330;635
308;5;2;04/11/2023;10;190;1900;450;1450
309;7;5;05/11/2023;19;42;798;893;-95
310;1;5;06/11/2023;4;69;276;108;168
311;3;4;07/11/2023;19;118;2242;608;1634
312;2;2;08/11/2023;11;97;1067;605;462
313;9;3;09/11/2023;2;71;142;144;-2
314;10;2;10/11/2023;10;176;1760;700;1060
315;6;1;11/11/2023;11;123;1353;418;935
316;10;2;12/11/2023;16;48;768;1392;-624
317;3;1;13/11/2023;19;52;988;855;133
318;8;1;14/11/2023;11;83;913;759;154
319;8;3;15/11/2023;14;94;1316;336;980
320;2;4;16/11/2023;2;169;338;148;190
321;6;2;17/11/2023;5;53;265;80;185
322;7;1;18/11/2023;5;63;315;145;170
323;2;2;19/11/2023;19;82;1558;323;1235
324;10;4;20/11/2023;12;165;1980;684;1296
325;2;4;21/11/2023;18;47;846;810;36
326;10;5;22/11/2023;4;86;344;336;8
327;1;4;23/11/2023;17;141;2397;1377;1020
328;8;3;24/11/2023;10;34;340;700;-360
329;1;1;25/11/2023;6;183;1098;462;636
330;9;5;26/11/2023;14;187;2618;1246;1372
331;6;3;27/11/2023;11;42;462;319;143
332;7;2;28/11/2023;11;112;1232;264;968
333;10;1;29/11/2023;18;58;1044;936;108
334;7;4;30/11/2023;18;32;576;1098;-522
335;10;1;01/12/2023;11;119;1309;781;528
336;3;2;02/12/2023;12;133;1596;768;828
337;2;5;03/12/2023;5;152;760;425;335
338;9;5;04/12/2023;9;105;945;261;684
339;8;5;05/12/2023;9;159;1431;288;1143
340;10;4;06/12/2023;10;137;1370;960;410
341;7;3;07/12/2023;19;185;3515;304;3211
342;9;3;08/12/2023;1;111;111;98;13
343;4;1;09/12/2023;7;106;742;399;343
344;4;4;10/12/2023;4;31;124;160;-36
345;1;5;11/12/2023;1;156;156;85;71
346;8;5;12/12/2023;15;164;2460;780;1680
347;3;2;13/12/2023;8;55;440;448;-8
348;7;2;14/12/2023;12;117;1404;228;1176
349;2;5;15/12/2023;18;45;810;450;360
350;2;5;16/12/2023;15;180;2700;1185;1515
351;7;4;17/12/2023;17;197;3349;816;2533
352;6;3;18/12/2023;14;102;1428;210;1218
353;3;2;19/12/2023;14;61;854;1358;-504
354;9;3;20/12/2023;18;44;792;288;504
355;10;4;21/12/2023;18;170;3060;1782;1278
356;6;5;22/12/2023;16;34;544;544;0
357;10;3;23/12/2023;1;103;103;75;28
358;10;5;24/12/2023;11;81;891;385;506
359;6;5;25/12/2023;15;106;1590;1230;360
360;1;1;26/12/2023;12;198;2376;312;2064
361;4;3;27/12/2023;8;139;1112;288;824
362;10;3;28/12/2023;6;172;1032;204;828
363;6;5;29/12/2023;3;135;405;288;117
364;6;4;30/12/2023;13;156;2028;195;1833
365;5;1;31/12/2023;13;36;468;572;-104
366;1;5;01/01/2024;2;69;138;76;62
367;8;2;02/01/2024;5;185;925;140;785
368;5;2;03/01/2024;17;189;3213;850;2363
369;5;1;04/01/2024;6;128;768;498;270
370;7;4;05/01/2024;2;172;344;178;166
371;4;5;06/01/2024;4;114;456;152;304
372;6;3;07/01/2024;11;94;1034;814;220
373;4;1;08/01/2024;8;161;1288;552;736
374;3;4;09/01/2024;12;40;480;1092;-612
375;7;3;10/01/2024;8;137;1096;752;344
376;8;2;11/01/2024;11;55;605;418;187
377;4;2;12/01/2024;8;194;1552;728;824
378;2;3;13/01/2024;8;180;1440;304;1136
379;10;1;14/01/2024;17;114;1938;1156;782
380;3;2;15/01/2024;16;197;3152;640;2512
381;1;5;16/01/2024;14;180;2520;1120;1400
382;8;3;17/01/2024;11;152;1672;1034;638
383;3;3;18/01/2024;7;173;1211;364;847
384;10;2;19/01/2024;16;97;1552;1264;288
385;7;1;20/01/2024;13;133;1729;1157;572
386;10;5;21/01/2024;15;109;1635;975;660
387;5;1;22/01/2024;16;188;3008;784;2224
388;10;4;23/01/2024;9;82;738;513;225
389;5;4;24/01/2024;3;135;405;129;276
390;7;2;25/01/2024;19;182;3458;969;2489
391;9;2;26/01/2024;5;73;365;475;-110
392;5;2;27/01/2024;10;169;1690;720;970
393;1;4;28/01/2024;17;119;2023;1156;867
394;10;1;29/01/2024;15;130;1950;795;1155
395;10;1;30/01/2024;8;126;1008;448;560
396;1;2;31/01/2024;15;38;570;630;-60
397;2;5;01/02/2024;14;41;574;602;-28
398;6;1;02/02/2024;7;98;686;399;287
399;9;4;03/02/2024;12;57;684;204;480
400;8;3;04/02/2024;17;85;1445;408;1037
401;5;3;05/02/2024;17;128;2176;1241;935
402;1;3;06/02/2024;10;139;1390;280;1110
403;7;5;07/02/2024;19;106;2014;1710;304
404;5;2;08/02/2024;14;132;1848;854;994
405;6;4;09/02/2024;11;135;1485;616;869
406;7;5;10/02/2024;2;138;276;92;184
407;3;4;11/02/2024;18;141;2538;828;1710
408;10;4;12/02/2024;7;87;609;392;217
409;3;2;13/02/2024;12;107;1284;552;732
410;5;3;14/02/2024;2;104;208;80;128
411;6;2;15/02/2024;18;71;1278;270;1008
412;9;5;16/02/2024;6;195;1170;420;750
413;5;5;17/02/2024;10;97;970;160;810
414;1;5;18/02/2024;15;62;930;1425;-495
415;4;2;19/02/2024;5;100;500;220;280
416;5;4;20/02/2024;3;85;255;255;0
417;10;4;21/02/2024;5;134;670;330;340
418;10;1;22/02/2024;8;130;1040;184;856
419;5;5;23/02/2024;8;80;640;288;352
420;7;4;24/02/2024;8;103;824;384;440
421;4;1;25/02/2024;12;150;1800;756;1044
422;1;4;26/02/2024;8;172;1376;120;1256
423;5;5;27/02/2024;11;195;2145;957;1188
424;7;3;28/02/2024;14;172;2408;1372;1036
425;10;5;29/02/2024;8;34;272;536;-264
426;10;2;01/03/2024;10;112;1120;970;150
427;6;4;02/03/2024;7;80;560;378;182
428;5;4;03/03/2024;17;39;663;1003;-340
429;4;2;04/03/2024;4;169;676;328;348
430;2;2;05/03/2024;13;33;429;299;130
431;4;3;06/03/2024;4;124;496;144;352
432;10;4;07/03/2024;5;175;875;160;715
433;10;4;08/03/2024;4;109;436;360;76
434;3;3;09/03/2024;18;65;1170;1026;144
435;10;1;10/03/2024;6;54;324;318;6
436;1;3;11/03/2024;2;127;254;174;80
437;8;5;12/03/2024;11;193;2123;220;1903
438;5;4;13/03/2024;14;130;1820;1358;462
439;4;2;14/03/2024;5;38;190;310;-120
440;8;5;15/03/2024;6;90;540;126;414
441;7;4;16/03/2024;10;82;820;940;-120
442;2;3;17/03/2024;8;175;1400;664;736
443;1;5;18/03/2024;14;192;2688;420;2268
444;4;4;19/03/2024;3;92;276;45;231
445;8;1;20/03/2024;12;150;1800;612;1188
446;2;1;21/03/2024;16;134;2144;1552;592
447;3;2;22/03/2024;17;33;561;867;-306
448;1;4;23/03/2024;1;122;122;95;27
449;1;1;24/03/2024;10;198;1980;780;1200
450;3;3;25/03/2024;10;57;570;760;-190
451;5;4;26/03/2024;2;199;398;172;226
452;3;3;27/03/2024;9;109;981;675;306
453;1;3;28/03/2024;13;105;1365;611;754
454;1;1;29/03/2024;16;145;2320;1280;1040
455;8;4;30/03/2024;18;98;1764;792;972
456;10;5;31/03/2024;19;127;2413;646;1767
457;2;1;01/04/2024;12;30;360;888;-528
458;3;1;02/04/2024;8;196;1568;768;800
459;2;4;03/04/2024;17;125;2125;1496;629
460;3;4;04/04/2024;15;46;690;570;120
461;7;3;05/04/2024;10;141;1410;180;1230
462;1;4;06/04/2024;15;120;1800;765;1035
463;10;3;07/04/2024;15;117;1755;270;1485
464;8;1;08/04/2024;7;192;1344;637;707
465;10;2;09/04/2024;13;199;2587;1183;1404
466;10;5;10/04/2024;17;196;3332;544;2788
467;10;1;11/04/2024;9;119;1071;720;351
468;2;4;12/04/2024;8;78;624;496;128
469;3;5;13/04/2024;18;67;1206;846;360
470;9;2;14/04/2024;13;180;2340;936;1404
471;7;2;15/04/2024;16;179;2864;1552;1312
472;4;3;16/04/2024;9;161;1449;783;666
473;10;5;17/04/2024;12;88;1056;504;552
474;5;3;18/04/2024;12;97;1164;588;576
475;2;1;19/04/2024;6;159;954;144;810
476;8;5;20/04/2024;19;78;1482;1501;-19
477;4;1;21/04/2024;7;155;1085;392;693
478;9;3;22/04/2024;3;188;564;297;267
479;5;5;23/04/2024;16;140;2240;368;1872
480;9;3;24/04/2024;18;197;3546;1332;2214
481;4;5;25/04/2024;16;77;1232;464;768
482;10;3;26/04/2024;7;80;560;497;63
483;5;2;27/04/2024;4;72;288;332;-44
484;9;3;28/04/2024;8;127;1016;288;728
485;8;2;29/04/2024;13;153;1989;1014;975
486;3;3;30/04/2024;13;109;1417;715;702
487;1;5;01/05/2024;17;140;2380;1445;935
488;3;5;02/05/2024;17;172;2924;1190;1734
489;4;5;03/05/2024;5;56;280;185;95
490;2;4;04/05/2024;6;187;1122;234;888
491;1;1;05/05/2024;19;193;3667;380;3287
492;7;5;06/05/2024;13;142;1846;624;1222
493;8;2;07/05/2024;14;115;1610;1078;532
494;7;5;08/05/2024;4;143;572;92;480
495;5;4;09/05/2024;7;153;1071;518;553
496;1;2;10/05/2024;8;78;624;504;120
497;7;4;11/05/2024;13;105;1365;845;520
498;7;2;12/05/2024;6;84;504;444;60
499;9;3;13/05/2024;6;85;510;504;6
500;3;1;14/05/2024;3;124;372;153;219
501;9;1;15/05/2024;3;73;219;135;84
502;1;4;16/05/2024;13;188;2444;715;1729
503;1;1;17/05/2024;2;116;232;152;80
504;4;4;18/05/2024;16;113;1808;1152;656
505;9;4;19/05/2024;6;180;1080;168;912
506;6;4;20/05/2024;8;185;1480;400;1080
507;3;1;21/05/2024;8;45;360;400;-40
508;1;4;22/05/2024;6;194;1164;558;606
509;4;1;23/05/2024;14;178;2492;308;2184
510;9;4;24/05/2024;3;174;522;120;402
511;3;5;25/05/2024;10;66;660;500;160
512;9;4;26/05/2024;3;106;318;186;132
513;7;2;27/05/2024;12;176;2112;1188;924
514;4;4;28/05/2024;17;187;3179;714;2465
515;3;3;29/05/2024;5;74;370;410;-40
516;10;4;30/05/2024;9;175;1575;684;891
517;5;2;31/05/2024;7;91;637;658;-21
518;5;2;01/06/2024;4;193;772;360;412
519;3;1;02/06/2024;13;129;1677;1222;455
520;9;5;03/06/2024;13;81;1053;845;208
521;4;4;04/06/2024;10;48;480;560;-80
522;5;1;05/06/2024;18;138;2484;774;1710
523;4;5;06/06/2024;17;73;1241;1632;-391
524;5;4;07/06/2024;13;36;468;312;156
525;7;3;08/06/2024;17;146;2482;901;1581
526;9;4;09/06/2024;4;97;388;384;4
527;7;2;10/06/2024;1;63;63;15;48
528;5;2;11/06/2024;1;98;98;53;45
529;10;3;12/06/2024;15;84;1260;525;735
530;10;1;13/06/2024;13;39;507;1027;-520
531;7;5;14/06/2024;17;71;1207;493;714
532;10;4;15/06/2024;8;70;560;144;416
533;5;2;16/06/2024;18;151;2718;1332;1386
534;3;1;17/06/2024;13;167;2171;975;1196
535;7;3;18/06/2024;14;39;546;476;70
536;2;2;19/06/2024;8;131;1048;192;856
537;9;3;20/06/2024;8;157;1256;384;872
538;10;4;21/06/2024;15;178;2670;930;1740
539;10;5;22/06/2024;13;165;2145;611;1534
540;1;2;23/06/2024;7;121;847;525;322
541;6;2;24/06/2024;5;142;710;120;590
542;7;4;25/06/2024;17;107;1819;1156;663
543;8;1;26/06/2024;16;114;1824;1568;256
544;10;5;27/06/2024;2;59;118;158;-40
545;9;2;28/06/2024;18;78;1404;1638;-234
546;2;5;29/06/2024;17;38;646;255;391
547;10;2;30/06/2024;7;174;1218;133;1085
548;2;5;01/07/2024;13;98;1274;1222;52
549;5;3;02/07/2024;18;87;1566;522;1044
550;5;2;03/07/2024;14;91;1274;588;686
551;6;5;04/07/2024;18;81;1458;666;792
552;3;1;05/07/2024;13;69;897;403;494
553;8;3;06/07/2024;11;195;2145;297;1848
554;1;3;07/07/2024;16;92;1472;448;1024
555;6;1;08/07/2024;17;176;2992;425;2567
556;4;5;09/07/2024;8;79;632;336;296
557;1;4;10/07/2024;19;190;3610;1064;2546
558;7;1;11/07/2024;15;170;2550;1125;1425
559;9;5;12/07/2024;9;107;963;702;261
560;4;1;13/07/2024;10;126;1260;450;810
561;4;1;14/07/2024;12;72;864;1140;-276
562;6;2;15/07/2024;1;65;65;87;-22
563;3;5;16/07/2024;9;151;1359;216;1143
564;6;4;17/07/2024;15;137;2055;330;1725
565;7;2;18/07/2024;1;39;39;35;4
566;10;1;19/07/2024;12;124;1488;1092;396
567;10;1;20/07/2024;3;35;105;219;-114
568;3;1;21/07/2024;11;86;946;704;242
569;7;5;22/07/2024;2;158;316;166;150
570;3;5;23/07/2024;16;100;1600;1344;256
571;2;2;24/07/2024;9;50;450;396;54
572;10;4;25/07/2024;15;121;1815;465;1350
573;4;2;26/07/2024;12;156;1872;1068;804
574;8;3;27/07/2024;1;109;109;34;75
575;9;1;28/07/2024;13;85;1105;806;299
576;7;1;29/07/2024;14;145;2030;1218;812
577;1;1;30/07/2024;8;177;1416;128;1288
578;3;2;31/07/2024;8;54;432;408;24
579;9;2;01/08/2024;12;185;2220;180;2040
580;1;1;02/08/2024;1;34;34;18;16
581;9;2;03/08/2024;11;149;1639;748;891
582;8;5;04/08/2024;8;50;400;312;88
583;1;5;05/08/2024;10;47;470;170;300
584;6;2;06/08/2024;19;86;1634;437;1197
585;5;1;07/08/2024;11;122;1342;990;352
586;6;2;08/08/2024;7;48;336;616;-280
587;10;2;09/08/2024;11;157;1727;528;1199
588;5;2;10/08/2024;17;126;2142;969;1173
589;6;3;11/08/2024;1;160;160;88;72
590;5;5;12/08/2024;8;199;1592;288;1304
591;5;4;13/08/2024;6;50;300;504;-204
592;4;4;14/08/2024;18;69;1242;288;954
593;3;3;15/08/2024;6;96;576;480;96
594;3;2;16/08/2024;5;182;910;230;680
595;4;3;17/08/2024;13;156;2028;390;1638
596;9;3;18/08/2024;19;84;1596;1710;-114
597;2;1;19/08/2024;8;138;1104;120;984
598;9;5;20/08/2024;9;127;1143;774;369
599;1;4;21/08/2024;17;141;2397;1054;1343
600;1;2;22/08/2024;3;144;432;192;240
601;5;4;23/08/2024;19;146;2774;513;2261
602;6;4;24/08/2024;11;116;1276;319;957
603;6;5;25/08/2024;17;110;1870;1139;731
604;3;4;26/08/2024;19;95;1805;1102;703
605;7;4;27/08/2024;2;48;96;44;52
606;9;3;28/08/2024;8;164;1312;704;608
607;10;5;29/08/2024;19;147;2793;1140;1653
608;8;1;30/08/2024;7;71;497;581;-84
609;6;2;31/08/2024;17;71;1207;561;646
610;8;4;01/09/2024;6;88;528;312;216
611;5;2;02/09/2024;19;49;931;475;456
612;8;1;03/09/2024;6;102;612;342;270
613;10;2;04/09/2024;2;46;92;68;24
614;4;1;05/09/2024;6;56;336;204;132
615;10;3;06/09/2024;5;31;155;175;-20
616;8;4;07/09/2024;19;92;1748;1824;-76
617;10;1;08/09/2024;4;91;364;284;80
618;2;2;09/09/2024;17;129;2193;1088;1105
619;5;4;10/09/2024;11;48;528;968;-440
620;9;3;11/09/2024;4;46;184;160;24
621;4;4;12/09/2024;13;98;1274;572;702
622;6;1;13/09/2024;17;196;3332;1479;1853
623;1;3;14/09/2024;9;146;1314;405;909
624;9;2;15/09/2024;4;110;440;224;216
625;1;3;16/09/2024;14;68;952;1148;-196
626;5;3;17/09/2024;19;65;1235;1425;-190
627;4;5;18/09/2024;3;197;591;225;366
628;3;3;19/09/2024;14;161;2254;1176;1078
629;6;3;20/09/2024;8;182;1456;736;720
630;2;4;21/09/2024;1;187;187;82;105
631;3;2;22/09/2024;10;58;580;310;270
632;5;4;23/09/2024;18;80;1440;594;846
633;9;4;24/09/2024;16;181;2896;1040;1856
634;2;1;25/09/2024;8;43;344;672;-328
635;10;4;26/09/2024;1;98;98;77;21
636;8;5;27/09/2024;12;175;2100;1068;1032
637;2;5;28/09/2024;8;199;1592;752;840
638;5;1;29/09/2024;16;86;1376;704;672
639;7;2;30/09/2024;18;41;738;702;36
640;8;2;01/10/2024;4;46;184;356;-172
641;1;4;02/10/2024;6;59;354;510;-156
642;6;4;03/10/2024;12;117;1404;480;924
643;1;4;04/10/2024;9;128;1152;630;522
644;2;2;05/10/2024;15;52;780;540;240
645;1;3;06/10/2024;16;158;2528;528;2000
646;5;5;07/10/2024;12;108;1296;540;756
647;10;3;08/10/2024;14;61;854;560;294
648;9;3;09/10/2024;13;38;494;728;-234
649;6;2;10/10/2024;2;44;88;110;-22
650;1;3;11/10/2024;3;185;555;111;444
651;1;1;12/10/2024;10;181;1810;610;1200
652;2;4;13/10/2024;9;192;1728;243;1485
653;9;1;14/10/2024;8;56;448;640;-192
654;3;5;15/10/2024;10;138;1380;800;580
655;1;4;16/10/2024;19;105;1995;570;1425
656;5;3;17/10/2024;3;177;531;261;270
657;7;5;18/10/2024;5;94;470;210;260
658;6;4;19/10/2024;3;138;414;273;141
659;1;3;20/10/2024;16;158;2528;784;1744
660;5;1;21/10/2024;17;39;663;935;-272
661;5;4;22/10/2024;15;76;1140;1365;-225
662;6;3;23/10/2024;3;152;456;135;321
663;3;1;24/10/2024;12;88;1056;1188;-132
664;5;5;25/10/2024;9;125;1125;414;711
665;7;5;26/10/2024;12;132;1584;816;768
666;5;5;27/10/2024;15;153;2295;1290;1005
667;5;5;28/10/2024;2;115;230;146;84
668;5;2;29/10/2024;18;175;3150;990;2160
669;10;4;30/10/2024;12;141;1692;960;732
670;10;4;31/10/2024;4;189;756;272;484
671;3;2;01/11/2024;16;56;896;864;32
672;1;3;02/11/2024;16;47;752;672;80
673;5;3;03/11/2024;1;196;196;51;145
674;9;5;04/11/2024;2;111;222;158;64
675;1;1;05/11/2024;3;101;303;264;39
676;3;3;06/11/2024;17;83;1411;1173;238
677;4;1;07/11/2024;1;191;191;18;173
678;1;4;08/11/2024;6;100;600;144;456
679;1;1;09/11/2024;15;193;2895;915;1980
680;8;4;10/11/2024;14;175;2450;1246;1204
681;2;2;11/11/2024;15;67;1005;420;585
682;8;2;12/11/2024;14;166;2324;728;1596
683;7;5;13/11/2024;5;64;320;130;190
684;10;3;14/11/2024;6;111;666;354;312
685;10;5;15/11/2024;17;162;2754;527;2227
686;2;4;16/11/2024;11;171;1881;1034;847
687;6;5;17/11/2024;16;187;2992;784;2208
688;6;1;18/11/2024;12;33;396;960;-564
689;3;4;19/11/2024;15;196;2940;1335;1605
690;2;2;20/11/2024;4;182;728;220;508
691;1;3;21/11/2024;18;185;3330;1458;1872
692;6;4;22/11/2024;3;179;537;129;408
693;5;4;23/11/2024;8;188;1504;256;1248
694;9;1;24/11/2024;3;52;156;102;54
695;1;3;25/11/2024;8;77;616;224;392
696;7;2;26/11/2024;18;177;3186;864;2322
697;5;4;27/11/2024;10;154;1540;630;910
698;5;4;28/11/2024;17;195;3315;1156;2159
699;2;1;29/11/2024;8;84;672;360;312
700;3;5;30/11/2024;11;97;1067;792;275
701;7;2;01/12/2024;5;117;585;280;305
702;6;3;02/12/2024;13;30;390;936;-546
703;2;4;03/12/2024;5;164;820;480;340
704;6;4;04/12/2024;13;124;1612;572;1040
705;2;2;05/12/2024;6;169;1014;234;780
706;2;5;06/12/2024;5;135;675;385;290
707;2;4;07/12/2024;9;162;1458;297;1161
708;3;2;08/12/2024;16;137;2192;1376;816
709;2;1;09/12/2024;2;71;142;44;98
710;4;5;10/12/2024;1;131;131;17;114
711;9;3;11/12/2024;8;153;1224;648;576
712;6;4;12/12/2024;19;169;3211;1805;1406
713;1;2;13/12/2024;11;132;1452;341;1111
714;8;1;14/12/2024;12;175;2100;336;1764
715;7;3;15/12/2024;12;103;1236;276;960
716;10;2;16/12/2024;7;137;959;532;427
717;3;2;17/12/2024;13;151;1963;455;1508
718;1;3;18/12/2024;8;46;368;720;-352
719;5;1;19/12/2024;9;100;900;459;441
720;4;1;20/12/2024;7;91;637;175;462
721;10;5;21/12/2024;15;70;1050;510;540
722;8;4;22/12/2024;2;148;296;98;198
723;1;3;23/12/2024;12;191;2292;804;1488
724;10;3;24/12/2024;1;74;74;61;13
725;1;3;25/12/2024;8;87;696;712;-16
726;4;1;26/12/2024;5;155;775;330;445
727;8;4;27/12/2024;15;191;2865;330;2535
728;5;5;28/12/2024;1;73;73;18;55
729;2;2;29/12/2024;1;44;44;41;3
730;6;2;30/12/2024;10;107;1070;580;490
731;5;3;31/12/2024;10;99;990;540;450
732;2;4;01/01/2025;15;130;1950;915;1035
733;3;1;02/01/2025;17;189;3213;986;2227
734;9;4;03/01/2025;6;32;192;372;-180
735;7;4;04/01/2025;3;115;345;297;48
736;7;1;05/01/2025;13;103;1339;858;481
737;6;3;06/01/2025;16;80;1280;1568;-288
738;8;4;07/01/2025;8;96;768;656;112
739;4;2;08/01/2025;15;105;1575;375;1200
740;8;1;09/01/2025;17;122;2074;1547;527
741;4;5;10/01/2025;17;174;2958;1479;1479
742;8;3;11/01/2025;13;36;468;234;234
743;9;1;12/01/2025;17;42;714;1530;-816
744;3;5;13/01/2025;6;149;894;522;372
745;3;5;14/01/2025;17;95;1615;1547;68
746;2;4;15/01/2025;16;33;528;992;-464
747;10;4;16/01/2025;14;167;2338;560;1778
748;3;4;17/01/2025;13;117;1521;1183;338
749;3;1;18/01/2025;6;46;276;318;-42
750;5;1;19/01/2025;3;81;243;216;27
751;5;3;20/01/2025;14;163;2282;462;1820
752;2;4;21/01/2025;14;98;1372;1358;14
753;10;5;22/01/2025;15;166;2490;1365;1125
754;6;2;23/01/2025;8;50;400;728;-328
755;5;3;24/01/2025;15;53;795;1080;-285
756;6;1;25/01/2025;13;33;429;546;-117
757;1;3;26/01/2025;17;181;3077;1360;1717
758;5;3;27/01/2025;3;32;96;72;24
759;9;3;28/01/2025;6;97;582;546;36
760;10;3;29/01/2025;5;130;650;360;290
761;2;2;30/01/2025;17;197;3349;1479;1870
762;1;4;31/01/2025;2;83;166;56;110
763;10;5;01/02/2025;15;64;960;1470;-510
764;9;3;02/02/2025;5;85;425;145;280
765;10;3;03/02/2025;6;137;822;282;540
766;9;3;04/02/2025;6;69;414;186;228
767;9;4;05/02/2025;18;97;1746;684;1062
768;6;1;06/02/2025;18;75;1350;792;558
769;8;1;07/02/2025;4;107;428;304;124
770;1;2;08/02/2025;17;170;2890;459;2431
771;10;1;09/02/2025;14;184;2576;1064;1512
772;4;3;10/02/2025;14;35;490;854;-364
773;1;3;11/02/2025;13;46;598;390;208
774;8;3;12/02/2025;7;193;1351;560;791
775;1;2;13/02/2025;12;128;1536;1140;396
776;3;3;14/02/2025;15;110;1650;855;795
777;4;1;15/02/2025;19;31;589;418;171
778;8;4;16/02/2025;11;106;1166;187;979
779;6;4;17/02/2025;15;95;1425;390;1035
780;10;5;18/02/2025;12;81;972;1176;-204
781;7;1;19/02/2025;3;121;363;90;273
782;8;3;20/02/2025;17;51;867;1564;-697
783;2;4;21/02/2025;3;140;420;282;138
784;10;1;22/02/2025;19;136;2584;1387;1197
785;8;4;23/02/2025;4;96;384;252;132
786;3;3;24/02/2025;3;169;507;231;276
787;7;4;25/02/2025;16;98;1568;1216;352
788;3;5;26/02/2025;12;113;1356;756;600
789;7;5;27/02/2025;8;132;1056;520;536
790;2;4;28/02/2025;17;68;1156;799;357
791;10;1;01/03/2025;7;42;294;308;-14
792;6;1;02/03/2025;11;70;770;803;-33
793;3;1;03/03/2025;18;86;1548;1620;-72
794;3;4;04/03/2025;1;41;41;29;12
795;9;1;05/03/2025;3;42;126;288;-162
796;7;3;06/03/2025;4;149;596;148;448
797;5;5;07/03/2025;13;126;1638;1196;442
798;10;3;08/03/2025;6;86;516;354;162
799;7;1;09/03/2025;14;69;966;1064;-98
800;9;3;10/03/2025;5;147;735;465;270
801;1;1;11/03/2025;16;109;1744;1360;384
802;7;4;12/03/2025;15;157;2355;435;1920
803;6;3;13/03/2025;15;64;960;900;60
804;10;4;14/03/2025;4;32;128;312;-184
805;9;4;15/03/2025;8;149;1192;480;712
806;1;2;16/03/2025;16;34;544;1120;-576
807;4;1;17/03/2025;16;40;640;928;-288
808;9;5;18/03/2025;4;155;620;356;264
809;4;1;19/03/2025;13;100;1300;559;741
810;10;5;20/03/2025;13;146;1898;988;910
811;3;1;21/03/2025;2;167;334;132;202
812;9;4;22/03/2025;3;135;405;204;201
813;2;3;23/03/2025;8;145;1160;568;592
814;4;3;24/03/2025;15;191;2865;1455;1410
815;6;2;25/03/2025;11;96;1056;880;176
816;2;5;26/03/2025;9;60;540;324;216
817;8;5;27/03/2025;7;104;728;238;490
818;8;5;28/03/2025;13;100;1300;611;689
819;1;4;29/03/2025;2;95;190;172;18
820;3;5;30/03/2025;8;99;792;312;480
821;10;3;31/03/2025;7;70;490;420;70
822;9;4;01/04/2025;12;189;2268;1044;1224
823;5;1;02/04/2025;19;49;931;1349;-418
824;6;5;03/04/2025;7;182;1274;133;1141
825;4;5;04/04/2025;10;169;1690;690;1000
826;10;1;05/04/2025;16;68;1088;1200;-112
827;2;5;06/04/2025;3;174;522;66;456
828;8;1;07/04/2025;10;74;740;300;440
829;6;4;08/04/2025;6;168;1008;372;636
830;5;3;09/04/2025;18;99;1782;1350;432
831;9;1;10/04/2025;18;154;2772;522;2250
832;1;2;11/04/2025;5;180;900;395;505
833;5;1;12/04/2025;7;120;840;252;588
834;6;5;13/04/2025;2;99;198;34;164
835;5;4;14/04/2025;11;195;2145;748;1397
836;6;4;15/04/2025;13;159;2067;364;1703
837;6;1;16/04/2025;5;113;565;250;315
838;7;3;17/04/2025;6;118;708;576;132
839;4;2;18/04/2025;14;108;1512;1344;168
840;8;4;19/04/2025;12;142;1704;972;732
841;7;5;20/04/2025;4;122;488;96;392
842;9;5;21/04/2025;6;101;606;378;228
843;7;3;22/04/2025;10;194;1940;790;1150
844;3;4;23/04/2025;18;78;1404;1278;126
845;3;1;24/04/2025;15;81;1215;615;600
846;8;5;25/04/2025;8;62;496;712;-216
847;5;3;26/04/2025;9;51;459;171;288
848;4;4;27/04/2025;5;143;715;425;290
849;8;4;28/04/2025;10;162;1620;970;650
850;6;4;29/04/2025;6;47;282;426;-144
851;2;4;30/04/2025;16;195;3120;464;2656
852;4;4;01/05/2025;3;147;441;270;171
853;4;5;02/05/2025;10;146;1460;440;1020
854;6;3;03/05/2025;11;66;726;374;352
855;6;4;04/05/2025;11;93;1023;561;462
856;1;2;05/05/2025;17;167;2839;289;2550
857;8;2;06/05/2025;4;108;432;348;84
858;6;3;07/05/2025;4;199;796;220;576
859;3;1;08/05/2025;17;152;2584;901;1683
860;9;1;09/05/2025;9;73;657;360;297
861;2;1;10/05/2025;19;111;2109;304;1805
862;8;2;11/05/2025;5;116;580;185;395
863;10;1;12/05/2025;6;45;270;222;48
864;3;5;13/05/2025;3;83;249;297;-48
865;5;4;14/05/2025;1;131;131;30;101
866;6;2;15/05/2025;16;192;3072;368;2704
867;10;3;16/05/2025;11;127;1397;297;1100
868;6;3;17/05/2025;13;185;2405;546;1859
869;4;4;18/05/2025;10;31;310;410;-100
870;3;2;19/05/2025;3;123;369;195;174
871;4;1;20/05/2025;9;170;1530;702;828
872;1;1;21/05/2025;12;198;2376;792;1584
873;4;5;22/05/2025;14;88;1232;1330;-98
874;1;5;23/05/2025;1;98;98;52;46
875;1;1;24/05/2025;18;148;2664;1422;1242
876;10;3;25/05/2025;17;121;2057;544;1513
877;6;3;26/05/2025;9;74;666;693;-27
878;5;5;27/05/2025;9;177;1593;585;1008
879;4;4;28/05/2025;10;53;530;230;300
880;3;1;29/05/2025;19;120;2280;513;1767
881;1;5;30/05/2025;15;123;1845;810;1035
882;6;5;31/05/2025;5;87;435;345;90
883;2;1;01/06/2025;15;184;2760;1395;1365
884;8;1;02/06/2025;2;183;366;114;252
885;10;3;03/06/2025;13;157;2041;754;1287
886;5;4;04/06/2025;16;36;576;1312;-736
887;7;4;05/06/2025;15;199;2985;705;2280
888;10;1;06/06/2025;10;76;760;380;380
889;2;2;07/06/2025;14;82;1148;700;448
890;8;5;08/06/2025;10;67;670;240;430
891;2;5;09/06/2025;14;82;1148;476;672
892;4;1;10/06/2025;9;172;1548;801;747
893;1;2;11/06/2025;14;183;2562;364;2198
894;5;3;12/06/2025;3;77;231;228;3
895;9;1;13/06/2025;16;124;1984;512;1472
896;1;1;14/06/2025;2;176;352;154;198
897;9;5;15/06/2025;10;166;1660;980;680
898;8;1;16/06/2025;3;93;279;117;162
899;6;1;17/06/2025;11;122;1342;286;1056
900;7;1;18/06/2025;11;154;1694;385;1309
901;3;5;19/06/2025;13;68;884;507;377
902;1;3;20/06/2025;7;33;231;175;56
903;5;3;21/06/2025;17;155;2635;1326;1309
904;2;1;22/06/2025;2;32;64;174;-110
905;5;5;23/06/2025;12;93;1116;768;348
906;8;3;24/06/2025;10;58;580;760;-180
907;9;3;25/06/2025;18;145;2610;1134;1476
908;2;3;26/06/2025;11;40;440;308;132
909;3;5;27/06/2025;16;126;2016;240;1776
910;3;5;28/06/2025;17;131;2227;1615;612
911;1;1;29/06/2025;19;184;3496;741;2755
912;8;4;30/06/2025;18;50;900;1314;-414
913;6;3;01/07/2025;3;68;204;258;-54
914;8;4;02/07/2025;16;131;2096;1328;768
915;9;5;03/07/2025;6;75;450;114;336
916;5;5;04/07/2025;12;95;1140;396;744
917;3;5;05/07/2025;11;120;1320;407;913
918;5;4;06/07/2025;15;193;2895;345;2550
919;5;5;07/07/2025;15;140;2100;960;1140
920;5;1;08/07/2025;16;111;1776;480;1296
921;3;5;09/07/2025;10;152;1520;470;1050
922;10;2;10/07/2025;12;128;1536;192;1344
923;4;4;11/07/2025;13;64;832;364;468
924;9;2;12/07/2025;4;188;752;60;692
925;10;5;13/07/2025;7;185;1295;504;791
926;9;1;14/07/2025;2;132;264;60;204
927;2;3;15/07/2025;15;158;2370;1395;975
928;8;5;16/07/2025;8;54;432;488;-56
929;8;1;17/07/2025;7;72;504;406;98
930;7;4;18/07/2025;15;113;1695;1410;285
931;8;2;19/07/2025;14;80;1120;392;728
932;3;2;20/07/2025;8;159;1272;304;968
933;6;2;21/07/2025;12;155;1860;828;1032
934;1;4;22/07/2025;13;98;1274;377;897
935;7;1;23/07/2025;11;38;418;1067;-649
936;1;4;24/07/2025;17;31;527;1462;-935
937;9;2;25/07/2025;17;191;3247;816;2431
938;1;5;26/07/2025;4;188;752;64;688
939;1;3;27/07/2025;8;39;312;328;-16
940;7;4;28/07/2025;5;143;715;440;275
941;2;4;29/07/2025;16;105;1680;1376;304
942;5;1;30/07/2025;4;193;772;148;624
943;8;1;31/07/2025;15;114;1710;1230;480
944;8;4;01/08/2025;12;78;936;336;600
945;3;2;02/08/2025;5;99;495;385;110
946;7;3;03/08/2025;16;160;2560;1264;1296
947;3;1;04/08/2025;14;162;2268;1148;1120
948;6;2;05/08/2025;10;119;1190;770;420
949;6;5;06/08/2025;7;55;385;665;-280
950;3;1;07/08/2025;13;101;1313;1014;299
951;7;2;08/08/2025;5;34;170;230;-60
952;3;2;09/08/2025;3;44;132;279;-147
953;8;3;10/08/2025;15;152;2280;405;1875
954;10;3;11/08/2025;4;173;692;320;372
955;4;5;12/08/2025;15;30;450;495;-45
956;1;2;13/08/2025;14;173;2422;532;1890
957;4;2;14/08/2025;19;194;3686;475;3211
958;7;3;15/08/2025;13;32;416;949;-533
959;4;1;16/08/2025;10;76;760;290;470
960;6;1;17/08/2025;5;124;620;120;500
961;9;4;18/08/2025;6;42;252;330;-78
962;1;3;19/08/2025;4;149;596;164;432
963;5;4;20/08/2025;2;84;168;148;20
964;7;3;21/08/2025;16;178;2848;1392;1456
965;1;5;22/08/2025;18;95;1710;1188;522
966;4;2;23/08/2025;5;184;920;210;710
967;6;5;24/08/2025;4;195;780;316;464
968;2;3;25/08/2025;13;119;1547;403;1144
969;10;2;26/08/2025;19;91;1729;1102;627
970;5;1;27/08/2025;2;131;262;48;214
971;10;1;28/08/2025;13;168;2184;1001;1183
972;1;4;29/08/2025;11;37;407;1056;-649
973;6;3;30/08/2025;4;126;504;244;260
974;6;3;31/08/2025;15;146;2190;780;1410
975;4;1;01/09/2025;4;93;372;336;36
976;8;5;02/09/2025;9;50;450;810;-360
977;4;2;03/09/2025;7;144;1008;469;539
978;8;5;04/09/2025;19;114;2166;1748;418
979;8;5;05/09/2025;19;49;931;1102;-171
980;5;1;06/09/2025;6;37;222;528;-306
981;4;1;07/09/2025;6;87;522;408;114
982;2;1;08/09/2025;15;75;1125;510;615
983;3;4;09/09/2025;15;60;900;1395;-495
984;3;5;10/09/2025;9;122;1098;405;693
985;4;3;11/09/2025;4;38;152;84;68
986;4;2;12/09/2025;18;44;792;1296;-504
987;10;4;13/09/2025;18;123;2214;432;1782
988;5;3;14/09/2025;5;183;915;120;795
989;4;5;15/09/2025;11;167;1837;583;1254
990;10;1;16/09/2025;5;58;290;210;80
991;8;5;17/09/2025;4;109;436;176;260
992;6;2;18/09/2025;12;65;780;612;168
993;6;4;19/09/2025;2;113;226;162;64
994;8;4;20/09/2025;13;138;1794;741;1053
995;7;2;21/09/2025;10;147;1470;930;540
996;10;3;22/09/2025;9;66;594;891;-297
997;10;3;23/09/2025;10;115;1150;660;490
998;8;4;24/09/2025;7;100;700;490;210
999;2;4;25/09/2025;4;180;720;360;360
1000;9;1;26/09/2025;19;198;3762;1558;2204
1001;1;3;27/09/2025;10;122;1220;230;990
1002;8;2;28/09/2025;3;109;327;111;216
1003;4;3;29/09/2025;19;131;2489;1463;1026
1004;4;1;30/09/2025;2;185;370;150;220
1005;5;4;01/10/2025;10;195;1950;540;1410
1006;8;4;02/10/2025;2;188;376;116;260
1007;5;1;03/10/2025;2;43;86;76;10
1008;8;2;04/10/2025;17;146;2482;1105;1377
1009;10;4;05/10/2025;16;102;1632;1152;480
1010;1;5;06/10/2025;16;120;1920;752;1168
1011;10;4;07/10/2025;14;119;1666;420;1246
1012;9;5;08/10/2025;7;58;406;252;154
1013;6;1;09/10/2025;11;78;858;781;77
1014;3;1;10/10/2025;1;101;101;76;25
1015;8;4;11/10/2025;11;162;1782;1056;726
1016;9;3;12/10/2025;4;71;284;340;-56
1017;6;5;13/10/2025;7;164;1148;602;546
1018;7;2;14/10/2025;15;71;1065;1260;-195
1019;1;4;15/10/2025;18;193;3474;792;2682
1020;5;2;16/10/2025;12;134;1608;444;1164
1021;5;4;17/10/2025;17;56;952;782;170
1022;10;3;18/10/2025;1;87;87;71;16
1023;4;3;19/10/2025;11;75;825;253;572
1024;6;3;20/10/2025;1;95;95;45;50
1025;7;3;21/10/2025;15;54;810;1275;-465
1026;9;1;22/10/2025;10;102;1020;230;790
1027;1;1;23/10/2025;7;146;1022;189;833
1028;6;5;24/10/2025;2;184;368;144;224
1029;7;2;25/10/2025;10;158;1580;170;1410
1030;3;4;26/10/2025;4;116;464;196;268
1031;8;4;27/10/2025;12;103;1236;420;816
1032;5;1;28/10/2025;19;199;3781;1482;2299
1033;9;4;29/10/2025;11;182;2002;726;1276
1034;5;1;30/10/2025;8;154;1232;384;848
1035;9;5;31/10/2025;18;96;1728;882;846
1036;10;2;01/11/2025;11;35;385;319;66
1037;4;5;02/11/2025;11;154;1694;220;1474
1038;9;3;03/11/2025;13;87;1131;1287;-156
1039;5;3;04/11/2025;3;99;297;138;159
1040;10;3;05/11/2025;12;82;984;792;192
1041;9;5;06/11/2025;3;95;285;291;-6
1042;3;4;07/11/2025;10;87;870;420;450
1043;4;2;08/11/2025;17;111;1887;1683;204
1044;9;3;09/11/2025;2;116;232;156;76
1045;10;3;10/11/2025;17;31;527;1581;-1054
1046;6;3;11/11/2025;16;179;2864;1472;1392
1047;2;2;12/11/2025;2;66;132;66;66
1048;7;3;13/11/2025;6;177;1062;174;888
1049;2;2;14/11/2025;10;132;1320;200;1120
1050;2;3;15/11/2025;10;53;530;870;-340
1051;1;5;16/11/2025;8;141;1128;784;344
1052;3;5;17/11/2025;1;94;94;52;42
1053;6;2;18/11/2025;13;158;2054;520;1534
1054;8;5;19/11/2025;9;146;1314;864;450
1055;9;2;20/11/2025;10;145;1450;650;800
1056;7;5;21/11/2025;15;134;2010;1305;705
1057;4;5;22/11/2025;5;32;160;335;-175
1058;6;2;23/11/2025;16;75;1200;1120;80
1059;5;4;24/11/2025;13;84;1092;949;143
1060;8;5;25/11/2025;18;104;1872;1512;360
1061;1;3;26/11/2025;11;74;814;1012;-198
1062;1;4;27/11/2025;9;183;1647;648;999
1063;6;2;28/11/2025;16;106;1696;432;1264
1064;10;4;29/11/2025;2;53;106;114;-8
1065;2;1;30/11/2025;2;64;128;180;-52
1066;5;1;01/12/2025;12;53;636;780;-144
1067;1;5;02/12/2025;8;57;456;264;192
1068;7;5;03/12/2025;9;45;405;315;90
1069;1;3;04/12/2025;12;88;1056;1164;-108
1070;4;4;05/12/2025;9;173;1557;342;1215
1071;9;1;06/12/2025;10;44;440;400;40
1072;1;5;07/12/2025;2;40;80;118;-38
1073;4;4;08/12/2025;16;108;1728;672;1056
1074;6;5;09/12/2025;7;144;1008;672;336
1075;6;5;10/12/2025;2;97;194;86;108
1076;8;1;11/12/2025;1;72;72;31;41
1077;1;1;12/12/2025;19;98;1862;1558;304
1078;7;5;13/12/2025;4;170;680;232;448
1079;1;2;14/12/2025;2;167;334;150;184
1080;7;5;15/12/2025;14;104;1456;1148;308
1081;3;5;16/12/2025;2;132;264;176;88
1082;8;3;17/12/2025;15;70;1050;585;465
1083;3;3;18/12/2025;12;88;1056;972;84
1084;1;3;19/12/2025;5;68;340;80;260
1085;8;2;20/12/2025;7;32;224;441;-217
1086;3;2;21/12/2025;10;36;360;840;-480
1087;2;5;22/12/2025;14;78;1092;560;532
1088;1;3;23/12/2025;14;55;770;1204;-434
1089;3;2;24/12/2025;5;190;950;205;745
1090;2;1;25/12/2025;18;130;2340;576;1764
1091;2;5;26/12/2025;14;108;1512;952;560
1092;6;4;27/12/2025;2;31;62;30;32
1093;1;5;28/12/2025;12;156;1872;900;972
1094;2;4;29/12/2025;6;189;1134;102;1032
1095;6;3;30/12/2025;4;161;644;328;316
1096;3;4;31/12/2025;13;49;637;715;-78
1097;4;3;01/01/2026;4;146;584;204;380
1098;1;1;02/01/2026;14;193;2702;910;1792
1099;8;4;03/01/2026;16;61;976;464;512
1100;7;5;04/01/2026;4;57;228;88;140
1101;7;3;05/01/2026;1;106;106;52;54
1102;3;5;06/01/2026;13;30;390;1261;-871
1103;10;2;07/01/2026;4;85;340;280;60
1104;10;3;08/01/2026;18;64;1152;1098;54
1105;3;4;09/01/2026;6;141;846;144;702
1106;2;3;10/01/2026;3;59;177;276;-99
1107;1;5;11/01/2026;13;83;1079;819;260
1108;7;1;12/01/2026;16;65;1040;880;160
1109;7;3;13/01/2026;5;109;545;485;60
1110;2;4;14/01/2026;4;87;348;176;172
1111;7;2;15/01/2026;8;112;896;152;744
1112;8;1;16/01/2026;19;94;1786;1615;171
1113;1;2;17/01/2026;14;98;1372;1358;14
1114;9;3;18/01/2026;7;157;1099;315;784
1115;7;5;19/01/2026;14;80;1120;924;196
1116;3;5;20/01/2026;6;51;306;222;84
1117;8;4;21/01/2026;12;136;1632;744;888
1118;7;5;22/01/2026;16;138;2208;864;1344
1119;8;1;23/01/2026;17;145;2465;340;2125
1120;6;5;24/01/2026;13;130;1690;676;1014
1121;9;4;25/01/2026;14;129;1806;770;1036
1122;5;3;26/01/2026;7;193;1351;287;1064
1123;3;3;27/01/2026;14;97;1358;1246;112
1124;3;5;28/01/2026;15;65;975;1245;-270
1125;1;2;29/01/2026;12;198;2376;852;1524
1126;8;3;30/01/2026;17;175;2975;527;2448
1127;2;5;31/01/2026;9;51;459;765;-306
1128;3;4;01/02/2026;15;95;1425;915;510
1129;8;5;02/02/2026;12;50;600;1116;-516
1130;8;3;03/02/2026;2;129;258;54;204
1131;4;4;04/02/2026;5;157;785;125;660
1132;4;5;05/02/2026;13;73;949;494;455
1133;5;1;06/02/2026;8;132;1056;696;360
1134;6;4;07/02/2026;14;76;1064;252;812
1135;5;1;08/02/2026;15;68;1020;900;120
1136;7;2;09/02/2026;11;58;638;352;286
1137;2;4;10/02/2026;1;83;83;57;26
1138;7;1;11/02/2026;3;119;357;282;75
1139;10;3;12/02/2026;17;114;1938;799;1139
1140;7;3;13/02/2026;19;46;874;456;418
1141;1;2;14/02/2026;14;109;1526;1218;308
1142;7;4;15/02/2026;8;188;1504;584;920
1143;5;4;16/02/2026;13;102;1326;585;741
1144;3;4;17/02/2026;3;78;234;126;108
1145;3;2;18/02/2026;5;130;650;370;280
1146;4;4;19/02/2026;9;31;279;153;126
1147;2;3;20/02/2026;6;171;1026;414;612
1148;2;1;21/02/2026;2;88;176;56;120
1149;1;3;22/02/2026;13;126;1638;936;702
1150;5;3;23/02/2026;5;128;640;145;495
1151;4;1;24/02/2026;8;132;1056;128;928
1152;10;3;25/02/2026;1;31;31;38;-7
1153;2;2;26/02/2026;12;70;840;1104;-264
1154;3;1;27/02/2026;11;152;1672;858;814
1155;7;3;28/02/2026;7;111;777;595;182
1156;7;5;01/03/2026;15;173;2595;570;2025
1157;4;3;02/03/2026;11;161;1771;451;1320
1158;5;2;03/03/2026;16;169;2704;816;1888
1159;5;4;04/03/2026;3;58;174;159;15
1160;6;3;05/03/2026;14;164;2296;1078;1218
1161;9;4;06/03/2026;3;43;129;279;-150
1162;2;5;07/03/2026;1;41;41;40;1
1163;5;3;08/03/2026;15;128;1920;1185;735
1164;3;1;09/03/2026;1;162;162;18;144
1165;4;4;10/03/2026;17;110;1870;731;1139
1166;10;5;11/03/2026;2;135;270;30;240
1167;6;1;12/03/2026;6;61;366;384;-18
1168;8;1;13/03/2026;8;103;824;200;624
1169;1;1;14/03/2026;16;110;1760;1408;352
1170;10;1;15/03/2026;19;98;1862;1387;475
1171;8;3;16/03/2026;1;74;74;76;-2
1172;7;3;17/03/2026;3;135;405;285;120
1173;1;3;18/03/2026;3;166;498;150;348
1174;2;5;19/03/2026;5;190;950;350;600
1175;3;5;20/03/2026;12;129;1548;420;1128
1176;1;5;21/03/2026;12;175;2100;324;1776
1177;9;2;22/03/2026;13;38;494;299;195
1178;8;5;23/03/2026;9;91;819;225;594
1179;2;3;24/03/2026;7;58;406;623;-217
1180;9;3;25/03/2026;4;154;616;336;280
1181;7;2;26/03/2026;19;143;2717;285;2432
1182;9;2;27/03/2026;19;182;3458;1596;1862
1183;6;5;28/03/2026;6;172;1032;546;486
1184;6;4;29/03/2026;13;163;2119;910;1209
1185;4;2;30/03/2026;11;149;1639;495;1144
1186;10;1;31/03/2026;13;199;2587;663;1924
1187;10;3;01/04/2026;13;186;2418;793;1625
1188;2;1;02/04/2026;15;108;1620;1380;240
1189;7;3;03/04/2026;13;122;1586;793;793
1190;5;3;04/04/2026;11;33;363;913;-550
1191;6;2;05/04/2026;19;111;2109;1368;741
1192;2;2;06/04/2026;8;104;832;400;432
1193;5;1;07/04/2026;8;43;344;368;-24
1194;10;3;08/04/2026;10;160;1600;780;820
1195;4;1;09/04/2026;16;143;2288;1360;928
1196;9;4;10/04/2026;19;91;1729;1064;665
1197;6;1;11/04/2026;11;135;1485;682;803
1198;2;5;12/04/2026;13;93;1209;1144;65
1199;1;1;13/04/2026;9;131;1179;855;324
1200;5;5;14/04/2026;19;135;2565;836;1729
1201;9;5;15/04/2026;16;49;784;560;224
1202;6;5;16/04/2026;7;87;609;518;91
1203;10;4;17/04/2026;19;141;2679;513;2166
1204;7;1;18/04/2026;12;86;1032;180;852
1205;5;1;19/04/2026;15;148;2220;1185;1035
1206;10;4;20/04/2026;14;126;1764;658;1106
1207;6;3;21/04/2026;11;121;1331;572;759
1208;5;2;22/04/2026;10;81;810;390;420
1209;9;1;23/04/2026;11;66;726;440;286
1210;6;2;24/04/2026;6;37;222;546;-324
1211;8;4;25/04/2026;2;73;146;146;0
1212;2;3;26/04/2026;11;127;1397;517;880
1213;9;3;27/04/2026;19;162;3078;1045;2033
1214;5;3;28/04/2026;6;147;882;264;618
1215;7;4;29/04/2026;14;98;1372;994;378
1216;10;5;30/04/2026;6;188;1128;378;750
1217;1;5;01/05/2026;17;74;1258;1054;204
1218;10;2;02/05/2026;10;166;1660;860;800
1219;5;5;03/05/2026;1;61;61;63;-2
1220;10;5;04/05/2026;3;62;186;183;3
1221;2;3;05/05/2026;8;155;1240;560;680
1222;6;3;06/05/2026;8;96;768;632;136
1223;1;2;07/05/2026;15;59;885;390;495
1224;3;1;08/05/2026;7;143;1001;581;420
1225;5;2;09/05/2026;11;58;638;220;418
1226;4;2;10/05/2026;7;160;1120;553;567
1227;3;4;11/05/2026;4;59;236;156;80
1228;10;4;12/05/2026;12;166;1992;180;1812
1229;5;2;13/05/2026;6;183;1098;276;822
1230;8;2;14/05/2026;14;159;2226;238;1988
1231;4;2;15/05/2026;12;91;1092;756;336
1232;1;5;16/05/2026;11;32;352;363;-11
1233;7;4;17/05/2026;19;97;1843;1406;437
1234;8;2;18/05/2026;5;54;270;215;55
1235;3;3;19/05/2026;14;170;2380;896;1484
1236;6;3;20/05/2026;16;73;1168;256;912
1237;2;5;21/05/2026;13;192;2496;1131;1365
1238;7;5;22/05/2026;4;84;336;280;56
1239;8;1;23/05/2026;11;166;1826;341;1485
1240;6;1;24/05/2026;17;159;2703;1258;1445
1241;6;1;25/05/2026;7;70;490;350;140
1242;5;5;26/05/2026;14;93;1302;1050;252
1243;8;5;27/05/2026;11;60;660;341;319
1244;1;5;28/05/2026;9;76;684;567;117
1245;10;3;29/05/2026;13;159;2067;1170;897
1246;4;5;30/05/2026;18;125;2250;1332;918
1247;4;3;31/05/2026;11;106;1166;374;792
1248;3;1;01/06/2026;15;139;2085;960;1125
1249;3;1;02/06/2026;19;98;1862;323;1539
1250;4;1;03/06/2026;1;87;87;57;30
1251;1;2;04/06/2026;4;135;540;284;256
1252;2;2;05/06/2026;14;73;1022;896;126
1253;9;4;06/06/2026;14;103;1442;1148;294
1254;10;4;07/06/2026;3;85;255;285;-30
1255;2;4;08/06/2026;17;156;2652;1088;1564
1256;5;2;09/06/2026;3;191;573;153;420
1257;9;2;10/06/2026;16;59;944;960;-16
1258;9;4;11/06/2026;14;100;1400;784;616
1259;8;4;12/06/2026;13;147;1911;377;1534
1260;1;5;13/06/2026;15;84;1260;705;555
1261;1;4;14/06/2026;14;96;1344;1316;28
1262;9;5;15/06/2026;19;170;3230;475;2755
1263;8;3;16/06/2026;6;32;192;204;-12
1264;10;2;17/06/2026;10;55;550;380;170
1265;9;4;18/06/2026;15;86;1290;1170;120
1266;7;2;19/06/2026;6;155;930;564;366
1267;3;2;20/06/2026;10;181;1810;790;1020
1268;3;2;21/06/2026;7;82;574;609;-35
1269;2;3;22/06/2026;17;72;1224;1530;-306
1270;5;1;23/06/2026;18;78;1404;558;846
1271;3;4;24/06/2026;17;71;1207;1275;-68
1272;6;1;25/06/2026;9;40;360;261;99
1273;2;1;26/06/2026;10;132;1320;650;670
1274;3;1;27/06/2026;10;127;1270;410;860
1275;5;2;28/06/2026;7;175;1225;616;609
1276;1;5;29/06/2026;16;114;1824;1200;624
1277;1;2;30/06/2026;18;129;2322;1296;1026
1278;10;2;01/07/2026;6;133;798;270;528
1279;9;1;02/07/2026;1;75;75;26;49
1280;7;2;03/07/2026;1;73;73;60;13
1281;1;1;04/07/2026;12;51;612;540;72
1282;8;5;05/07/2026;2;143;286;92;194
1283;3;4;06/07/2026;4;154;616;184;432
1284;8;1;07/07/2026;17;153;2601;1139;1462
1285;5;5;08/07/2026;4;59;236;300;-64
1286;1;4;09/07/2026;11;37;407;660;-253
1287;7;3;10/07/2026;4;127;508;396;112
1288;5;1;11/07/2026;1;86;86;88;-2
1289;6;1;12/07/2026;7;140;980;658;322
1290;6;3;13/07/2026;18;102;1836;378;1458
1291;8;3;14/07/2026;9;144;1296;162;1134
1292;9;1;15/07/2026;3;49;147;198;-51
1293;2;3;16/07/2026;8;54;432;360;72
1294;9;2;17/07/2026;19;48;912;1691;-779
1295;10;4;18/07/2026;4;34;136;392;-256
1296;9;4;19/07/2026;18;104;1872;900;972
1297;10;4;20/07/2026;11;157;1727;748;979
1298;10;2;21/07/2026;14;101;1414;952;462
1299;7;3;22/07/2026;18;184;3312;558;2754
1300;1;5;23/07/2026;16;69;1104;1424;-320
1301;7;3;24/07/2026;3;55;165;132;33
1302;10;1;25/07/2026;15;56;840;540;300
1303;5;4;26/07/2026;4;112;448;228;220
1304;6;3;27/07/2026;5;157;785;205;580
1305;10;5;28/07/2026;17;199;3383;867;2516
1306;7;1;29/07/2026;7;186;1302;420;882
1307;5;2;30/07/2026;16;196;3136;784;2352
1308;7;2;31/07/2026;14;198;2772;252;2520
1309;9;5;01/08/2026;16;62;992;1504;-512
1310;3;1;02/08/2026;7;126;882;658;224
1311;8;4;03/08/2026;9;140;1260;891;369
1312;2;3;04/08/2026;4;45;180;160;20
1313;7;1;05/08/2026;11;52;572;363;209
1314;2;2;06/08/2026;2;164;328;190;138
1315;4;5;07/08/2026;12;55;660;708;-48
1316;7;5;08/08/2026;12;125;1500;480;1020
1317;3;3;09/08/2026;4;41;164;144;20
1318;2;5;10/08/2026;18;101;1818;1296;522
1319;10;5;11/08/2026;7;162;1134;539;595
1320;7;1;12/08/2026;1;135;135;42;93
1321;1;4;13/08/2026;13;146;1898;1027;871
1322;8;3;14/08/2026;6;55;330;348;-18
1323;3;1;15/08/2026;6;162;972;342;630
1324;2;4;16/08/2026;12;51;612;612;0
1325;3;1;17/08/2026;8;42;336;640;-304
1326;5;1;18/08/2026;19;185;3515;589;2926
1327;8;5;19/08/2026;5;190;950;270;680
1328;10;4;20/08/2026;18;136;2448;936;1512
1329;7;3;21/08/2026;5;52;260;495;-235
1330;7;3;22/08/2026;10;126;1260;750;510
1331;7;4;23/08/2026;1;47;47;23;24
1332;8;5;24/08/2026;10;146;1460;910;550
1333;1;2;25/08/2026;5;59;295;445;-150
1334;4;1;26/08/2026;12;55;660;900;-240
1335;6;5;27/08/2026;7;173;1211;658;553
1336;9;4;28/08/2026;9;68;612;270;342
1337;2;1;29/08/2026;12;190;2280;192;2088
1338;1;3;30/08/2026;1;183;183;86;97
1339;10;2;31/08/2026;11;195;2145;627;1518
1340;2;3;01/09/2026;15;159;2385;840;1545
1341;7;4;02/09/2026;2;142;284;182;102
1342;3;1;03/09/2026;7;163;1141;497;644
1343;10;4;04/09/2026;12;75;900;1140;-240
1344;2;1;05/09/2026;18;79;1422;1458;-36
1345;7;5;06/09/2026;3;195;585;132;453
1346;2;2;07/09/2026;7;135;945;189;756
1347;3;5;08/09/2026;11;175;1925;363;1562
1348;7;5;09/09/2026;18;184;3312;378;2934
1349;4;4;10/09/2026;12;198;2376;276;2100
1350;1;2;11/09/2026;6;101;606;582;24
1351;5;1;12/09/2026;5;103;515;340;175
1352;9;1;13/09/2026;1;46;46;96;-50
1353;8;3;14/09/2026;12;186;2232;900;1332
1354;9;1;15/09/2026;11;99;1089;176;913
1355;10;4;16/09/2026;4;179;716;256;460
1356;9;5;17/09/2026;18;35;630;1602;-972
1357;7;5;18/09/2026;4;55;220;180;40
1358;4;5;19/09/2026;17;196;3332;799;2533
1359;5;2;20/09/2026;2;169;338;184;154
1360;1;1;21/09/2026;2;128;256;188;68
1361;1;4;22/09/2026;12;171;2052;300;1752
1362;3;2;23/09/2026;6;51;306;282;24
1363;8;3;24/09/2026;10;80;800;210;590
1364;2;4;25/09/2026;16;180;2880;720;2160
1365;4;4;26/09/2026;14;133;1862;868;994
1366;2;4;27/09/2026;7;118;826;427;399
1367;5;5;28/09/2026;19;170;3230;1748;1482
1368;9;4;29/09/2026;17;167;2839;1139;1700
1369;1;1;30/09/2026;9;38;342;846;-504
1370;5;4;01/10/2026;13;108;1404;429;975
1371;9;5;02/10/2026;5;81;405;475;-70
1372;1;4;03/10/2026;5;159;795;100;695
1373;9;3;04/10/2026;10;182;1820;630;1190
1374;8;3;05/10/2026;10;42;420;870;-450
1375;4;5;06/10/2026;7;80;560;448;112
1376;10;1;07/10/2026;15;63;945;1425;-480
1377;5;1;08/10/2026;7;64;448;182;266
1378;5;2;09/10/2026;15;160;2400;555;1845
1379;6;5;10/10/2026;3;149;447;204;243
1380;7;4;11/10/2026;19;99;1881;1577;304
1381;8;5;12/10/2026;10;176;1760;730;1030
1382;8;2;13/10/2026;15;96;1440;750;690
1383;2;5;14/10/2026;3;132;396;51;345
1384;9;5;15/10/2026;6;102;612;432;180
1385;7;2;16/10/2026;12;145;1740;828;912
1386;4;1;17/10/2026;15;162;2430;1065;1365
1387;4;4;18/10/2026;6;96;576;186;390
1388;8;2;19/10/2026;13;168;2184;689;1495
1389;4;3;20/10/2026;19;150;2850;1558;1292
1390;6;1;21/10/2026;3;123;369;207;162
1391;5;3;22/10/2026;8;158;1264;472;792
1392;3;1;23/10/2026;8;120;960;720;240
1393;10;4;24/10/2026;15;121;1815;225;1590
1394;2;4;25/10/2026;4;92;368;140;228
1395;9;5;26/10/2026;19;58;1102;1843;-741
1396;10;3;27/10/2026;3;41;123;105;18
1397;9;1;28/10/2026;13;106;1378;858;520
1398;1;4;29/10/2026;8;70;560;768;-208
1399;10;2;30/10/2026;16;159;2544;912;1632
1400;3;4;31/10/2026;13;66;858;858;0
1401;8;2;01/11/2026;3;53;159;243;-84
1402;6;1;02/11/2026;16;128;2048;928;1120
1403;5;4;03/11/2026;9;179;1611;414;1197
1404;5;4;04/11/2026;14;129;1806;336;1470
1405;6;1;05/11/2026;13;168;2184;1014;1170
1406;7;4;06/11/2026;7;87;609;651;-42
1407;1;2;07/11/2026;15;58;870;1245;-375
1408;9;4;08/11/2026;7;192;1344;574;770
1409;3;3;09/11/2026;6;172;1032;252;780
1410;4;5;10/11/2026;2;89;178;134;44
1411;10;2;11/11/2026;9;124;1116;585;531
1412;1;3;12/11/2026;17;71;1207;1139;68
1413;10;1;13/11/2026;5;72;360;90;270
1414;3;2;14/11/2026;12;103;1236;1116;120
1415;2;5;15/11/2026;1;189;189;31;158
1416;2;5;16/11/2026;10;93;930;810;120
1417;1;1;17/11/2026;11;31;341;968;-627
1418;8;1;18/11/2026;16;181;2896;976;1920
1419;3;2;19/11/2026;14;95;1330;980;350
1420;3;4;20/11/2026;8;195;1560;296;1264
1421;6;1;21/11/2026;17;60;1020;544;476
1422;8;4;22/11/2026;18;144;2592;270;2322
1423;9;3;23/11/2026;12;55;660;588;72
1424;9;5;24/11/2026;17;58;986;1326;-340
1425;4;4;25/11/2026;14;107;1498;1008;490
1426;5;5;26/11/2026;16;54;864;1168;-304
1427;2;4;27/11/2026;14;77;1078;210;868
1428;9;3;28/11/2026;9;94;846;153;693
1429;8;1;29/11/2026;4;96;384;324;60
1430;3;3;30/11/2026;11;119;1309;561;748
1431;9;1;01/12/2026;6;175;1050;582;468
1432;3;1;02/12/2026;15;166;2490;645;1845
1433;9;5;03/12/2026;5;67;335;235;100
1434;2;3;04/12/2026;11;116;1276;825;451
1435;10;4;05/12/2026;18;178;3204;324;2880
1436;9;3;06/12/2026;13;94;1222;364;858
1437;8;5;07/12/2026;11;178;1958;517;1441
1438;9;1;08/12/2026;14;56;784;504;280
1439;5;5;09/12/2026;18;135;2430;1116;1314
1440;2;2;10/12/2026;19;152;2888;323;2565
1441;8;2;11/12/2026;15;73;1095;1485;-390
1442;6;4;12/12/2026;9;129;1161;333;828
1443;8;5;13/12/2026;8;57;456;656;-200
1444;5;4;14/12/2026;1;46;46;35;11
1445;10;4;15/12/2026;4;156;624;228;396
1446;2;2;16/12/2026;14;152;2128;1386;742
1447;6;4;17/12/2026;2;197;394;80;314
1448;5;2;18/12/2026;16;160;2560;880;1680
1449;5;1;19/12/2026;3;105;315;156;159
1450;1;5;20/12/2026;8;75;600;200;400
1451;2;4;21/12/2026;6;187;1122;258;864
1452;8;2;22/12/2026;16;98;1568;1184;384
1453;3;3;23/12/2026;16;166;2656;1296;1360
1454;10;4;24/12/2026;7;114;798;553;245
1455;3;1;25/12/2026;13;40;520;975;-455
1456;8;1;26/12/2026;13;98;1274;429;845
1457;8;3;27/12/2026;5;128;640;300;340
1458;2;2;28/12/2026;18;120;2160;1134;1026
1459;8;4;29/12/2026;15;188;2820;540;2280
1460;1;2;30/12/2026;18;190;3420;1656;1764
1461;6;1;31/12/2026;2;196;392;142;250
1462;8;2;01/01/2027;10;123;1230;280;950
1463;3;1;02/01/2027;13;194;2522;754;1768
1464;8;2;03/01/2027;18;144;2592;540;2052
1465;1;3;04/01/2027;15;60;900;1365;-465
1466;9;5;05/01/2027;12;40;480;312;168
1467;9;3;06/01/2027;15;116;1740;1035;705
1468;5;3;07/01/2027;13;150;1950;845;1105
1469;10;5;08/01/2027;18;159;2862;954;1908
1470;4;5;09/01/2027;15;134;2010;705;1305
1471;6;4;10/01/2027;11;56;616;517;99
1472;7;4;11/01/2027;19;31;589;817;-228
1473;5;3;12/01/2027;3;132;396;249;147
1474;10;3;13/01/2027;7;130;910;588;322
1475;9;1;14/01/2027;14;50;700;630;70
1476;3;1;15/01/2027;14;87;1218;1316;-98
1477;7;4;16/01/2027;13;162;2106;585;1521
1478;10;4;17/01/2027;12;114;1368;720;648
1479;10;1;18/01/2027;9;122;1098;819;279
1480;5;1;19/01/2027;1;49;49;66;-17
1481;7;2;20/01/2027;19;90;1710;456;1254
1482;2;2;21/01/2027;11;67;737;968;-231
1483;4;1;22/01/2027;19;177;3363;1045;2318
1484;2;2;23/01/2027;18;54;972;1638;-666
1485;7;5;24/01/2027;12;159;1908;204;1704
1486;2;4;25/01/2027;1;150;150;73;77
1487;1;4;26/01/2027;19;189;3591;1254;2337
1488;9;1;27/01/2027;17;55;935;816;119
1489;1;3;28/01/2027;5;198;990;315;675
1490;8;1;29/01/2027;3;96;288;126;162
1491;2;2;30/01/2027;2;30;60;194;-134
1492;8;3;31/01/2027;3;80;240;81;159
1493;3;2;01/02/2027;8;34;272;664;-392
1494;6;5;02/02/2027;16;42;672;1296;-624
1495;3;2;03/02/2027;6;176;1056;450;606
1496;7;5;04/02/2027;13;169;2197;962;1235
1497;10;5;05/02/2027;16;77;1232;1360;-128
1498;9;2;06/02/2027;16;182;2912;608;2304
1499;2;2;07/02/2027;3;86;258;231;27
1500;5;5;08/02/2027;13;144;1872;975;897
1501;6;3;09/02/2027;14;64;896;518;378
1502;4;5;10/02/2027;8;105;840;352;488
1503;4;4;11/02/2027;12;123;1476;888;588
1504;4;5;12/02/2027;8;34;272;256;16
1505;2;3;13/02/2027;9;51;459;630;-171
1506;4;4;14/02/2027;1;132;132;67;65
1507;1;1;15/02/2027;6;160;960;126;834
1508;6;1;16/02/2027;19;153;2907;1577;1330
1509;1;3;17/02/2027;11;82;902;946;-44
1510;10;5;18/02/2027;11;188;2068;1023;1045
1511;6;2;19/02/2027;13;98;1274;858;416
1512;1;3;20/02/2027;11;133;1463;198;1265
1513;6;4;21/02/2027;18;190;3420;864;2556
1514;10;4;22/02/2027;15;45;675;1245;-570
1515;8;1;23/02/2027;1;145;145;47;98
1516;2;4;24/02/2027;7;105;735;581;154
1517;2;3;25/02/2027;13;138;1794;676;1118
1518;4;4;26/02/2027;12;68;816;480;336
1519;3;3;27/02/2027;18;118;2124;270;1854
1520;4;2;28/02/2027;19;141;2679;342;2337
1521;7;1;01/03/2027;15;76;1140;795;345
1522;1;4;02/03/2027;8;166;1328;544;784
1523;6;3;03/03/2027;19;157;2983;893;2090
1524;3;5;04/03/2027;10;106;1060;470;590
1525;10;1;05/03/2027;7;44;308;602;-294
1526;7;2;06/03/2027;18;65;1170;612;558
1527;10;3;07/03/2027;16;92;1472;480;992
1528;2;2;08/03/2027;6;98;588;210;378
1529;2;2;09/03/2027;9;198;1782;531;1251
1530;4;4;10/03/2027;13;103;1339;1248;91
1531;1;4;11/03/2027;8;53;424;608;-184
1532;3;3;12/03/2027;16;78;1248;720;528
1533;9;5;13/03/2027;13;175;2275;728;1547
1534;7;3;14/03/2027;13;36;468;338;130
1535;7;5;15/03/2027;17;33;561;1343;-782
1536;4;2;16/03/2027;5;119;595;435;160
1537;2;1;17/03/2027;17;89;1513;289;1224
1538;4;3;18/03/2027;9;84;756;207;549
1539;6;3;19/03/2027;2;45;90;130;-40
1540;3;5;20/03/2027;18;58;1044;540;504
1541;1;2;21/03/2027;9;180;1620;828;792
1542;8;2;22/03/2027;6;43;258;102;156
1543;5;5;23/03/2027;11;108;1188;418;770
1544;5;2;24/03/2027;6;62;372;522;-150
1545;4;4;25/03/2027;6;182;1092;162;930
1546;6;1;26/03/2027;13;50;650;208;442
1547;3;3;27/03/2027;11;174;1914;935;979
1548;9;1;28/03/2027;14;52;728;490;238
1549;5;3;29/03/2027;2;86;172;66;106
1550;3;4;30/03/2027;8;171;1368;488;880
1551;1;2;31/03/2027;3;122;366;108;258
1552;10;5;01/04/2027;3;49;147;267;-120
1553;6;4;02/04/2027;1;187;187;47;140
1554;2;1;03/04/2027;19;48;912;874;38
1555;3;5;04/04/2027;18;132;2376;1404;972
1556;1;2;05/04/2027;17;106;1802;1683;119
1557;9;4;06/04/2027;13;180;2340;689;1651
1558;8;5;07/04/2027;3;62;186;294;-108
1559;2;4;08/04/2027;1;47;47;86;-39
1560;8;4;09/04/2027;4;102;408;224;184
1561;9;2;10/04/2027;13;190;2470;299;2171
1562;1;3;11/04/2027;17;189;3213;663;2550
1563;5;5;12/04/2027;11;46;506;176;330
1564;8;2;13/04/2027;2;48;96;66;30
1565;2;4;14/04/2027;16;99;1584;544;1040
1566;4;2;15/04/2027;2;149;298;168;130
1567;7;3;16/04/2027;19;130;2470;589;1881
1568;3;5;17/04/2027;19;63;1197;1558;-361
1569;5;3;18/04/2027;16;113;1808;1568;240
1570;8;1;19/04/2027;19;182;3458;323;3135
1571;10;5;20/04/2027;9;103;927;585;342
1572;3;3;21/04/2027;1;117;117;96;21
1573;4;4;22/04/2027;10;114;1140;400;740
1574;9;5;23/04/2027;19;40;760;1330;-570
1575;7;5;24/04/2027;1;120;120;78;42
1576;1;2;25/04/2027;2;173;346;44;302
1577;4;4;26/04/2027;16;156;2496;1520;976
1578;4;1;27/04/2027;12;142;1704;612;1092
1579;9;3;28/04/2027;8;109;872;328;544
1580;6;2;29/04/2027;18;36;648;1062;-414
1581;9;3;30/04/2027;2;45;90;36;54
1582;6;1;01/05/2027;13;45;585;663;-78
1583;6;1;02/05/2027;6;197;1182;510;672
1584;5;5;03/05/2027;6;41;246;282;-36
1585;5;1;04/05/2027;9;64;576;405;171
1586;2;3;05/05/2027;16;50;800;1104;-304
1587;8;4;06/05/2027;11;46;506;286;220
1588;8;4;07/05/2027;7;61;427;175;252
1589;1;5;08/05/2027;10;70;700;860;-160
1590;8;3;09/05/2027;10;163;1630;460;1170
1591;5;3;10/05/2027;18;56;1008;1278;-270
1592;2;1;11/05/2027;9;177;1593;468;1125
1593;2;3;12/05/2027;15;182;2730;1110;1620
1594;6;2;13/05/2027;4;95;380;132;248
1595;9;1;14/05/2027;8;166;1328;784;544
1596;1;2;15/05/2027;9;121;1089;630;459
1597;6;5;16/05/2027;13;90;1170;364;806
1598;9;4;17/05/2027;9;195;1755;423;1332
1599;8;5;18/05/2027;4;32;128;96;32
1600;6;4;19/05/2027;17;132;2244;1598;646
1601;3;5;20/05/2027;16;84;1344;1248;96
1602;8;3;21/05/2027;15;30;450;1170;-720
1603;9;2;22/05/2027;3;130;390;228;162
1604;1;4;23/05/2027;5;74;370;410;-40
1605;9;1;24/05/2027;5;55;275;285;-10
1606;6;2;25/05/2027;15;150;2250;1410;840
1607;6;1;26/05/2027;18;171;3078;1314;1764
1608;4;2;27/05/2027;15;75;1125;990;135
1609;1;2;28/05/2027;2;151;302;66;236
1610;10;5;29/05/2027;13;60;780;455;325
1611;8;4;30/05/2027;4;88;352;144;208
1612;2;4;31/05/2027;10;58;580;230;350
1613;1;2;01/06/2027;13;135;1755;299;1456
1614;2;3;02/06/2027;10;46;460;870;-410
1615;1;3;03/06/2027;9;171;1539;369;1170
1616;1;1;04/06/2027;8;193;1544;248;1296
1617;9;1;05/06/2027;3;53;159;174;-15
1618;1;5;06/06/2027;16;138;2208;944;1264
1619;4;2;07/06/2027;14;120;1680;308;1372
1620;10;1;08/06/2027;9;54;486;846;-360
1621;6;1;09/06/2027;11;61;671;352;319
1622;7;2;10/06/2027;3;145;435;141;294
1623;2;5;11/06/2027;5;111;555;75;480
1624;6;1;12/06/2027;10;139;1390;900;490
1625;7;5;13/06/2027;13;175;2275;260;2015
1626;10;4;14/06/2027;4;66;264;220;44
1627;10;5;15/06/2027;13;55;715;897;-182
1628;2;3;16/06/2027;12;166;1992;228;1764
1629;2;3;17/06/2027;5;93;465;365;100
1630;10;5;18/06/2027;10;101;1010;940;70
1631;7;3;19/06/2027;9;177;1593;288;1305
1632;1;4;20/06/2027;7;135;945;441;504
1633;8;2;21/06/2027;2;115;230;192;38
1634;3;3;22/06/2027;7;187;1309;553;756
1635;6;3;23/06/2027;8;82;656;776;-120
1636;9;5;24/06/2027;7;121;847;476;371
1637;6;4;25/06/2027;14;128;1792;1050;742
1638;9;2;26/06/2027;19;40;760;418;342
1639;7;5;27/06/2027;5;60;300;85;215
1640;9;5;28/06/2027;18;129;2322;702;1620
1641;2;4;29/06/2027;12;116;1392;996;396
1642;8;2;30/06/2027;17;176;2992;1173;1819
1643;8;4;01/07/2027;13;169;2197;702;1495
1644;2;2;02/07/2027;2;44;88;194;-106
1645;4;4;03/07/2027;13;188;2444;1248;1196
1646;7;5;04/07/2027;7;130;910;448;462
1647;4;5;05/07/2027;10;194;1940;470;1470
1648;4;1;06/07/2027;6;58;348;192;156
1649;6;3;07/07/2027;3;143;429;213;216
1650;10;4;08/07/2027;3;136;408;90;318
1651;6;1;09/07/2027;18;183;3294;1692;1602
1652;10;3;10/07/2027;11;137;1507;572;935
1653;3;4;11/07/2027;5;159;795;275;520
1654;9;2;12/07/2027;19;113;2147;399;1748
1655;10;3;13/07/2027;19;44;836;1748;-912
1656;2;5;14/07/2027;15;161;2415;1005;1410
1657;6;1;15/07/2027;16;79;1264;1232;32
1658;7;3;16/07/2027;9;195;1755;414;1341
1659;9;3;17/07/2027;4;52;208;208;0
1660;3;5;18/07/2027;15;88;1320;540;780
1661;10;4;19/07/2027;12;119;1428;360;1068
1662;3;2;20/07/2027;3;144;432;198;234
1663;7;5;21/07/2027;14;104;1456;602;854
1664;4;2;22/07/2027;17;185;3145;510;2635
1665;8;4;23/07/2027;19;152;2888;1710;1178
1666;7;3;24/07/2027;6;165;990;186;804
1667;5;2;25/07/2027;4;186;744;312;432
1668;7;1;26/07/2027;7;168;1176;189;987
1669;3;1;27/07/2027;19;47;893;1634;-741
1670;2;5;28/07/2027;17;79;1343;1190;153
1671;6;4;29/07/2027;16;171;2736;304;2432
1672;2;5;30/07/2027;15;147;2205;390;1815
1673;3;5;31/07/2027;8;166;1328;440;888
1674;6;5;01/08/2027;19;168;3192;323;2869
1675;5;1;02/08/2027;8;137;1096;376;720
1676;8;1;03/08/2027;18;96;1728;1152;576
1677;9;5;04/08/2027;16;196;3136;1120;2016
1678;3;1;05/08/2027;19;107;2033;437;1596
1679;10;4;06/08/2027;10;185;1850;960;890
1680;3;5;07/08/2027;17;104;1768;1088;680
1681;3;1;08/08/2027;13;68;884;559;325
1682;6;2;09/08/2027;13;54;702;689;13
1683;1;5;10/08/2027;7;50;350;413;-63
1684;7;5;11/08/2027;10;167;1670;310;1360
1685;1;4;12/08/2027;2;44;88;140;-52
1686;5;3;13/08/2027;4;77;308;240;68
1687;10;3;14/08/2027;6;115;690;486;204
1688;8;4;15/08/2027;18;178;3204;1494;1710
1689;4;4;16/08/2027;6;145;870;168;702
1690;5;4;17/08/2027;17;79;1343;1377;-34
1691;4;3;18/08/2027;14;180;2520;518;2002
1692;4;4;19/08/2027;11;170;1870;825;1045
1693;8;1;20/08/2027;19;98;1862;703;1159
1694;2;5;21/08/2027;2;33;66;82;-16
1695;1;5;22/08/2027;3;107;321;204;117
1696;3;2;23/08/2027;11;38;418;264;154
1697;9;2;24/08/2027;6;150;900;546;354
1698;4;5;25/08/2027;14;144;2016;420;1596
1699;10;1;26/08/2027;19;192;3648;1045;2603
1700;5;3;27/08/2027;16;130;2080;1104;976
1701;2;3;28/08/2027;7;178;1246;525;721
1702;4;1;29/08/2027;8;175;1400;760;640
1703;2;3;30/08/2027;19;126;2394;1197;1197
1704;2;4;31/08/2027;16;110;1760;1392;368
1705;4;5;01/09/2027;7;72;504;462;42
1706;6;5;02/09/2027;9;124;1116;144;972
1707;7;1;03/09/2027;13;35;455;832;-377
1708;10;3;04/09/2027;1;96;96;57;39
1709;3;2;05/09/2027;8;169;1352;728;624
1710;3;2;06/09/2027;4;129;516;88;428
1711;10;3;07/09/2027;3;41;123;219;-96
1712;6;2;08/09/2027;3;95;285;237;48
1713;3;1;09/09/2027;13;31;403;1235;-832
1714;2;1;10/09/2027;8;172;1376;208;1168
1715;8;3;11/09/2027;7;180;1260;126;1134
1716;5;2;12/09/2027;1;186;186;91;95
1717;1;1;13/09/2027;16;110;1760;880;880
1718;3;1;14/09/2027;6;164;984;126;858
1719;10;4;15/09/2027;7;185;1295;581;714
1720;8;4;16/09/2027;12;171;2052;996;1056
1721;4;1;17/09/2027;9;187;1683;855;828
1722;7;3;18/09/2027;11;189;2079;484;1595
1723;10;5;19/09/2027;10;99;990;870;120
1724;2;5;20/09/2027;1;144;144;20;124
1725;7;1;21/09/2027;18;117;2106;594;1512
1726;5;1;22/09/2027;4;35;140;376;-236
1727;5;1;23/09/2027;5;56;280;495;-215
1728;6;3;24/09/2027;9;111;999;720;279
1729;9;4;25/09/2027;17;117;1989;408;1581
1730;6;1;26/09/2027;3;149;447;90;357
1731;8;1;27/09/2027;16;53;848;816;32
1732;7;2;28/09/2027;5;131;655;465;190
1733;9;3;29/09/2027;16;63;1008;1456;-448
1734;4;1;30/09/2027;3;197;591;273;318
1735;2;2;01/10/2027;15;76;1140;690;450
1736;7;5;02/10/2027;3;53;159;183;-24
1737;6;1;03/10/2027;14;94;1316;1204;112
1738;1;1;04/10/2027;16;47;752;912;-160
1739;9;2;05/10/2027;17;73;1241;1632;-391
1740;9;3;06/10/2027;18;105;1890;900;990
1741;2;1;07/10/2027;18;86;1548;720;828
1742;3;5;08/10/2027;14;136;1904;336;1568
1743;5;1;09/10/2027;18;185;3330;810;2520
1744;5;5;10/10/2027;15;153;2295;645;1650
1745;1;4;11/10/2027;15;180;2700;285;2415
1746;8;4;12/10/2027;6;191;1146;546;600
1747;8;5;13/10/2027;15;168;2520;225;2295
1748;4;3;14/10/2027;18;192;3456;306;3150
1749;7;1;15/10/2027;4;145;580;324;256
1750;10;1;16/10/2027;8;122;976;680;296
1751;3;4;17/10/2027;15;71;1065;735;330
1752;6;5;18/10/2027;3;57;171;87;84
1753;10;1;19/10/2027;15;152;2280;1215;1065
1754;10;1;20/10/2027;13;53;689;572;117
1755;9;3;21/10/2027;9;165;1485;864;621
1756;1;2;22/10/2027;2;135;270;178;92
1757;5;4;23/10/2027;8;147;1176;456;720
1758;4;4;24/10/2027;17;82;1394;1258;136
1759;8;2;25/10/2027;13;161;2093;702;1391
1760;1;1;26/10/2027;1;129;129;79;50
1761;9;3;27/10/2027;2;34;68;86;-18
1762;6;3;28/10/2027;15;78;1170;1320;-150
1763;4;4;29/10/2027;12;127;1524;396;1128
1764;9;3;30/10/2027;14;59;826;238;588
1765;5;2;31/10/2027;2;101;202;100;102
1766;5;1;01/11/2027;18;132;2376;1026;1350
1767;5;2;02/11/2027;7;92;644;203;441
1768;1;5;03/11/2027;6;55;330;330;0
1769;1;4;04/11/2027;14;66;924;1316;-392
1770;8;3;05/11/2027;8;36;288;400;-112
1771;8;5;06/11/2027;2;156;312;196;116
1772;6;3;07/11/2027;17;197;3349;1547;1802
1773;4;1;08/11/2027;5;121;605;235;370
1774;2;1;09/11/2027;14;196;2744;266;2478
1775;2;1;10/11/2027;3;132;396;276;120
1776;9;3;11/11/2027;5;82;410;140;270
1777;5;5;12/11/2027;16;161;2576;1312;1264
1778;4;1;13/11/2027;18;137;2466;1746;720
1779;10;5;14/11/2027;17;141;2397;1037;1360
1780;1;3;15/11/2027;11;182;2002;748;1254
1781;7;5;16/11/2027;17;36;612;306;306
1782;3;3;17/11/2027;16;185;2960;1552;1408
1783;6;3;18/11/2027;2;96;192;46;146
1784;5;4;19/11/2027;4;137;548;268;280
1785;5;3;20/11/2027;7;140;980;637;343
1786;5;3;21/11/2027;2;177;354;184;170
1787;1;2;22/11/2027;6;112;672;444;228
1788;1;1;23/11/2027;17;153;2601;1020;1581
1789;3;4;24/11/2027;7;168;1176;476;700
1790;10;4;25/11/2027;5;133;665;440;225
1791;4;4;26/11/2027;5;96;480;255;225
1792;5;2;27/11/2027;16;36;576;592;-16
1793;2;3;28/11/2027;19;180;3420;779;2641
1794;8;1;29/11/2027;9;139;1251;756;495
1795;2;5;30/11/2027;5;63;315;400;-85
1796;9;3;01/12/2027;8;135;1080;600;480
1797;2;2;02/12/2027;9;176;1584;819;765
1798;9;3;03/12/2027;5;87;435;325;110
1799;7;3;04/12/2027;10;38;380;640;-260
1800;8;2;05/12/2027;2;77;154;66;88
1801;2;4;06/12/2027;9;144;1296;135;1161
1802;7;4;07/12/2027;11;70;770;594;176
1803;6;1;08/12/2027;4;77;308;184;124
1804;4;1;09/12/2027;2;54;108;72;36
1805;7;4;10/12/2027;6;145;870;480;390
1806;4;5;11/12/2027;14;107;1498;756;742
1807;2;3;12/12/2027;1;137;137;52;85
1808;10;5;13/12/2027;18;54;972;1116;-144
1809;7;3;14/12/2027;7;176;1232;483;749
1810;8;4;15/12/2027;1;68;68;89;-21
1811;2;1;16/12/2027;1;148;148;95;53
1812;5;1;17/12/2027;1;108;108;69;39
1813;1;5;18/12/2027;4;109;436;260;176
1814;7;1;19/12/2027;4;56;224;296;-72
1815;8;4;20/12/2027;18;133;2394;396;1998
1816;6;5;21/12/2027;11;103;1133;902;231
1817;5;3;22/12/2027;1;97;97;89;8
1818;6;1;23/12/2027;10;176;1760;860;900
1819;2;2;24/12/2027;9;57;513;207;306
1820;1;1;25/12/2027;4;152;608;64;544
1821;7;3;26/12/2027;6;190;1140;564;576
1822;7;5;27/12/2027;16;167;2672;1344;1328
1823;10;3;28/12/2027;2;112;224;198;26
1824;10;2;29/12/2027;18;59;1062;1314;-252
1825;2;4;30/12/2027;10;51;510;330;180
1826;2;1;31/12/2027;17;32;544;714;-170
1827;1;5;01/01/2028;13;130;1690;1118;572
1828;10;4;02/01/2028;18;134;2412;504;1908
1829;8;3;03/01/2028;13;31;403;494;-91
1830;8;5;04/01/2028;17;83;1411;986;425
1831;1;4;05/01/2028;5;35;175;350;-175
1832;8;5;06/01/2028;11;136;1496;715;781
1833;9;2;07/01/2028;7;197;1379;322;1057
1834;4;2;08/01/2028;10;152;1520;640;880
1835;1;1;09/01/2028;17;31;527;935;-408
1836;1;1;10/01/2028;15;140;2100;1200;900
1837;3;2;11/01/2028;18;31;558;702;-144
1838;5;5;12/01/2028;19;122;2318;1425;893
1839;5;2;13/01/2028;2;130;260;160;100
1840;9;1;14/01/2028;4;126;504;224;280
1841;10;2;15/01/2028;3;140;420;237;183
1842;2;2;16/01/2028;7;35;245;350;-105
1843;2;5;17/01/2028;18;156;2808;1620;1188
1844;6;4;18/01/2028;10;133;1330;230;1100
1845;9;1;19/01/2028;7;176;1232;350;882
1846;1;5;20/01/2028;8;184;1472;416;1056
1847;9;2;21/01/2028;6;30;180;282;-102
1848;9;2;22/01/2028;1;62;62;56;6
1849;9;4;23/01/2028;4;69;276;300;-24
1850;5;1;24/01/2028;14;61;854;840;14
1851;9;1;25/01/2028;17;46;782;1275;-493
1852;4;3;26/01/2028;18;155;2790;576;2214
1853;2;1;27/01/2028;11;37;407;924;-517
1854;6;4;28/01/2028;14;86;1204;1344;-140
1855;4;3;29/01/2028;9;71;639;846;-207
1856;6;3;30/01/2028;15;127;1905;435;1470
1857;3;2;31/01/2028;12;166;1992;744;1248
1858;6;2;01/02/2028;10;149;1490;860;630
1859;2;1;02/02/2028;19;116;2204;513;1691
1860;2;3;03/02/2028;19;192;3648;1083;2565
1861;9;2;04/02/2028;6;83;498;444;54
1862;7;4;05/02/2028;6;113;678;426;252
1863;3;2;06/02/2028;8;54;432;680;-248
1864;1;2;07/02/2028;1;96;96;31;65
1865;8;3;08/02/2028;17;181;3077;1088;1989
1866;6;3;09/02/2028;17;75;1275;782;493
1867;7;5;10/02/2028;15;51;765;540;225
1868;9;4;11/02/2028;7;168;1176;483;693
1869;5;3;12/02/2028;19;37;703;1349;-646
1870;1;1;13/02/2028;3;68;204;81;123
1871;10;4;14/02/2028;11;192;2112;671;1441
1872;7;4;15/02/2028;19;78;1482;1444;38
1873;5;3;16/02/2028;9;75;675;612;63
1874;3;4;17/02/2028;10;67;670;430;240
1875;9;3;18/02/2028;2;165;330;72;258
1876;1;2;19/02/2028;1;83;83;79;4
1877;1;5;20/02/2028;16;194;3104;688;2416
1878;1;2;21/02/2028;18;121;2178;1116;1062
1879;3;3;22/02/2028;17;69;1173;323;850
1880;6;3;23/02/2028;6;63;378;294;84
1881;10;2;24/02/2028;14;125;1750;1232;518
1882;3;1;25/02/2028;15;108;1620;1455;165
1883;8;1;26/02/2028;14;156;2184;1190;994
1884;10;1;27/02/2028;3;46;138;180;-42
1885;2;3;28/02/2028;19;190;3610;931;2679
1886;9;4;29/02/2028;12;139;1668;708;960
1887;3;3;01/03/2028;2;81;162;54;108
1888;5;4;02/03/2028;3;147;441;72;369
1889;10;2;03/03/2028;18;38;684;1440;-756
1890;8;5;04/03/2028;1;62;62;84;-22
1891;2;4;05/03/2028;6;142;852;516;336
1892;6;1;06/03/2028;5;178;890;195;695
1893;5;3;07/03/2028;1;114;114;58;56
1894;10;2;08/03/2028;19;39;741;1406;-665
1895;9;1;09/03/2028;1;35;35;61;-26
1896;5;2;10/03/2028;16;144;2304;864;1440
1897;2;5;11/03/2028;12;150;1800;252;1548
1898;5;3;12/03/2028;8;170;1360;480;880
1899;4;3;13/03/2028;16;94;1504;592;912
1900;7;5;14/03/2028;1;49;49;97;-48
1901;6;3;15/03/2028;4;86;344;240;104
1902;2;4;16/03/2028;10;75;750;270;480
1903;5;2;17/03/2028;11;165;1815;385;1430
1904;7;1;18/03/2028;17;39;663;255;408
1905;7;5;19/03/2028;7;142;994;231;763
1906;5;4;20/03/2028;12;168;2016;888;1128
1907;9;1;21/03/2028;7;41;287;329;-42
1908;4;1;22/03/2028;12;167;2004;216;1788
1909;3;5;23/03/2028;15;182;2730;255;2475
1910;4;4;24/03/2028;2;40;80;132;-52
1911;5;1;25/03/2028;14;147;2058;588;1470
1912;6;1;26/03/2028;13;193;2509;1092;1417
1913;3;4;27/03/2028;4;68;272;336;-64
1914;2;3;28/03/2028;14;82;1148;966;182
1915;4;1;29/03/2028;14;85;1190;994;196
1916;5;2;30/03/2028;16;133;2128;480;1648
1917;4;4;31/03/2028;7;158;1106;266;840
1918;3;1;01/04/2028;19;85;1615;1577;38
1919;8;5;02/04/2028;2;147;294;110;184
1920;10;2;03/04/2028;10;161;1610;910;700
1921;4;1;04/04/2028;18;59;1062;1098;-36
1922;2;2;05/04/2028;17;41;697;1530;-833
1923;2;2;06/04/2028;5;64;320;415;-95
1924;1;3;07/04/2028;12;106;1272;540;732
1925;4;2;08/04/2028;6;188;1128;264;864
1926;10;3;09/04/2028;9;131;1179;288;891
1927;9;4;10/04/2028;1;116;116;58;58
1928;7;3;11/04/2028;15;81;1215;615;600
1929;10;5;12/04/2028;6;109;654;240;414
1930;7;1;13/04/2028;19;164;3116;1406;1710
1931;7;4;14/04/2028;18;51;918;576;342
1932;8;4;15/04/2028;6;104;624;420;204
1933;1;5;16/04/2028;13;87;1131;585;546
1934;10;3;17/04/2028;1;122;122;73;49
1935;10;1;18/04/2028;13;132;1716;208;1508
1936;8;3;19/04/2028;7;169;1183;371;812
1937;4;2;20/04/2028;15;36;540;1125;-585
1938;4;3;21/04/2028;12;157;1884;924;960
1939;4;4;22/04/2028;1;84;84;32;52
1940;6;1;23/04/2028;15;135;2025;465;1560
1941;7;3;24/04/2028;4;91;364;212;152
1942;6;1;25/04/2028;13;119;1547;1105;442
1943;1;1;26/04/2028;5;127;635;340;295
1944;8;2;27/04/2028;2;106;212;180;32
1945;10;2;28/04/2028;1;148;148;49;99
1946;7;4;29/04/2028;16;65;1040;400;640
1947;6;5;30/04/2028;6;118;708;450;258
1948;6;1;01/05/2028;16;181;2896;928;1968
1949;5;5;02/05/2028;14;174;2436;1148;1288
1950;6;4;03/05/2028;3;159;477;117;360
1951;9;1;04/05/2028;15;170;2550;930;1620
1952;10;1;05/05/2028;3;188;564;138;426
1953;9;5;06/05/2028;2;122;244;196;48
1954;10;3;07/05/2028;1;143;143;18;125
1955;8;2;08/05/2028;9;57;513;468;45
1956;10;3;09/05/2028;9;184;1656;693;963
1957;9;5;10/05/2028;7;172;1204;427;777
1958;10;2;11/05/2028;3;62;186;45;141
1959;8;3;12/05/2028;18;49;882;306;576
1960;8;2;13/05/2028;11;199;2189;836;1353
1961;1;1;14/05/2028;7;169;1183;546;637
1962;10;3;15/05/2028;9;130;1170;279;891
1963;5;2;16/05/2028;1;52;52;92;-40
1964;4;2;17/05/2028;14;141;1974;1064;910
1965;2;2;18/05/2028;6;43;258;294;-36
1966;8;3;19/05/2028;7;120;840;189;651
1967;3;4;20/05/2028;10;182;1820;490;1330
1968;4;3;21/05/2028;7;106;742;399;343
1969;7;5;22/05/2028;2;114;228;32;196
1970;10;3;23/05/2028;4;138;552;280;272
1971;9;2;24/05/2028;17;60;1020;1547;-527
1972;2;1;25/05/2028;1;151;151;65;86
1973;3;3;26/05/2028;10;136;1360;680;680
1974;4;3;27/05/2028;19;83;1577;570;1007
1975;10;2;28/05/2028;15;162;2430;480;1950
1976;1;1;29/05/2028;10;170;1700;210;1490
1977;7;1;30/05/2028;19;185;3515;1121;2394
1978;2;5;31/05/2028;12;72;864;600;264
1979;5;3;01/06/2028;16;118;1888;880;1008
1980;1;1;02/06/2028;9;144;1296;504;792
1981;3;1;03/06/2028;15;128;1920;315;1605
1982;2;4;04/06/2028;17;76;1292;493;799
1983;1;4;05/06/2028;14;100;1400;1036;364
1984;7;1;06/06/2028;18;195;3510;972;2538
1985;5;5;07/06/2028;2;96;192;194;-2
1986;1;1;08/06/2028;4;91;364;204;160
1987;6;2;09/06/2028;18;138;2484;1440;1044
1988;5;3;10/06/2028;7;196;1372;483;889
1989;3;5;11/06/2028;13;66;858;1183;-325
1990;7;2;12/06/2028;15;148;2220;1410;810
1991;10;5;13/06/2028;1;115;115;70;45
1992;9;2;14/06/2028;11;155;1705;638;1067
1993;9;3;15/06/2028;10;165;1650;710;940
1994;9;3;16/06/2028;5;81;405;100;305
1995;2;4;17/06/2028;16;120;1920;736;1184
1996;3;2;18/06/2028;11;62;682;968;-286
1997;7;4;19/06/2028;6;110;660;192;468
1998;5;2;20/06/2028;9;71;639;738;-99
1999;2;4;21/06/2028;13;141;1833;1131;702
2000;3;3;22/06/2028;8;155;1240;168;1072
