id_venda;id_produto;id_vendedor;id_cliente;data;quantidade;preco_unitario;valor_total
1;7;1;81;01/01/2024;4;49;196
2;4;4;22;02/01/2024;8;70;560
3;8;3;48;03/01/2024;17;177;3009
4;5;4;37;04/01/2024;9;137;1233
5;7;4;15;05/01/2024;1;176;176
6;10;4;35;06/01/2024;14;113;1582
7;3;4;92;07/01/2024;11;140;1540
8;7;5;71;08/01/2024;3;95;285
9;8;5;32;09/01/2024;9;187;1683
10;5;2;11;10/01/2024;14;82;1148
11;4;1;10;11/01/2024;9;63;567
12;8;4;73;12/01/2024;4;179;716
13;8;2;78;13/01/2024;4;96;384
14;3;1;77;14/01/2024;8;163;1304
15;6;3;57;15/01/2024;2;56;112
16;5;5;25;16/01/2024;9;39;351
17;2;1;2;17/01/2024;14;102;1428
18;8;3;64;18/01/2024;9;125;1125
19;6;1;35;19/01/2024;16;77;1232
20;2;5;7;20/01/2024;17;99;1683
21;5;5;85;21/01/2024;16;129;2064
22;1;2;18;22/01/2024;12;88;1056
23;10;4;67;23/01/2024;3;31;93
24;6;1;42;24/01/2024;11;186;2046
25;9;1;39;25/01/2024;14;94;1316
26;1;3;41;26/01/2024;18;112;2016
27;10;5;75;27/01/2024;5;183;915
28;3;1;24;28/01/2024;16;39;624
29;7;5;60;29/01/2024;5;82;410
30;4;1;46;30/01/2024;3;108;324
31;9;2;19;31/01/2024;12;88;1056
32;3;4;68;01/02/2024;1;179;179
33;5;1;90;02/02/2024;9;77;693
34;3;5;42;03/02/2024;9;178;1602
35;7;2;32;04/02/2024;4;152;608
36;5;1;39;05/02/2024;3;51;153
37;9;3;36;06/02/2024;17;129;2193
38;7;4;97;07/02/2024;2;127;254
39;2;1;36;08/02/2024;1;187;187
40;4;2;3;09/02/2024;8;54;432
41;9;3;73;10/02/2024;13;57;741
42;2;2;8;11/02/2024;15;142;2130
43;10;2;97;12/02/2024;8;74;592
44;9;3;70;13/02/2024;12;97;1164
45;10;2;41;14/02/2024;12;36;432
46;5;3;68;15/02/2024;14;78;1092
47;2;1;13;16/02/2024;15;166;2490
48;4;3;49;17/02/2024;15;193;2895
49;7;3;60;18/02/2024;9;112;1008
50;8;4;2;19/02/2024;19;158;3002
51;3;3;60;20/02/2024;8;167;1336
52;1;3;5;21/02/2024;19;193;3667
53;4;1;44;22/02/2024;6;102;612
54;2;4;27;23/02/2024;19;75;1425
55;8;5;32;24/02/2024;4;135;540
56;4;1;21;25/02/2024;7;189;1323
57;2;1;8;26/02/2024;4;61;244
58;6;5;72;27/02/2024;12;35;420
59;6;3;50;28/02/2024;13;195;2535
60;10;2;67;29/02/2024;3;174;522
61;4;4;44;01/03/2024;12;103;1236
62;6;2;58;02/03/2024;2;143;286
63;2;5;3;03/03/2024;2;56;112
64;10;1;86;04/03/2024;9;83;747
65;2;1;70;05/03/2024;1;192;192
66;10;4;2;06/03/2024;8;114;912
67;4;1;87;07/03/2024;6;156;936
68;8;1;44;08/03/2024;6;182;1092
69;7;4;2;09/03/2024;18;185;3330
70;9;4;81;10/03/2024;17;140;2380
71;8;5;35;11/03/2024;12;44;528
72;5;1;98;12/03/2024;6;161;966
73;2;1;87;13/03/2024;8;122;976
74;5;5;30;14/03/2024;19;152;2888
75;8;3;8;15/03/2024;10;102;1020
76;10;3;22;16/03/2024;1;184;184
77;9;3;44;17/03/2024;13;183;2379
78;9;5;58;18/03/2024;17;176;2992
79;1;1;36;19/03/2024;3;121;363
80;9;5;69;20/03/2024;8;46;368
81;7;5;77;21/03/2024;14;72;1008
82;9;3;93;22/03/2024;3;150;450
83;8;2;31;23/03/2024;16;70;1120
84;1;1;47;24/03/2024;13;199;2587
85;8;3;55;25/03/2024;17;197;3349
86;8;2;80;26/03/2024;13;68;884
87;3;2;62;27/03/2024;6;142;852
88;1;4;30;28/03/2024;17;180;3060
89;8;1;55;29/03/2024;14;140;1960
90;3;2;16;30/03/2024;17;76;1292
91;3;3;12;31/03/2024;8;92;736
92;1;4;17;01/04/2024;11;139;1529
93;5;1;16;02/04/2024;1;98;98
94;10;5;12;03/04/2024;7;72;504
95;7;3;8;04/04/2024;17;63;1071
96;10;2;84;05/04/2024;10;69;690
97;9;2;3;06/04/2024;11;90;990
98;7;3;16;07/04/2024;9;91;819
99;9;2;30;08/04/2024;9;87;783
100;8;4;23;09/04/2024;5;190;950
101;2;1;92;10/04/2024;17;104;1768
102;1;4;5;11/04/2024;9;45;405
103;7;2;84;12/04/2024;17;111;1887
104;7;5;65;13/04/2024;19;123;2337
105;8;1;30;14/04/2024;7;77;539
106;5;1;21;15/04/2024;9;167;1503
107;3;3;84;16/04/2024;7;111;777
108;8;3;70;17/04/2024;13;67;871
109;6;5;22;18/04/2024;11;156;1716
110;3;1;82;19/04/2024;14;48;672
111;1;5;72;20/04/2024;19;193;3667
112;3;3;32;21/04/2024;11;92;1012
113;5;3;33;22/04/2024;13;106;1378
114;3;1;16;23/04/2024;14;160;2240
115;1;4;76;24/04/2024;13;131;1703
116;5;2;38;25/04/2024;1;94;94
117;10;3;98;26/04/2024;8;149;1192
118;7;3;14;27/04/2024;12;120;1440
119;7;4;36;28/04/2024;19;37;703
120;9;4;97;29/04/2024;12;102;1224
121;10;5;23;30/04/2024;8;163;1304
122;10;5;66;01/05/2024;8;136;1088
123;3;2;85;02/05/2024;13;118;1534
124;7;2;2;03/05/2024;12;68;816
125;1;1;91;04/05/2024;16;142;2272
126;4;5;73;05/05/2024;1;57;57
127;4;3;65;06/05/2024;13;126;1638
128;5;5;75;07/05/2024;7;66;462
129;7;3;67;08/05/2024;5;166;830
130;7;4;52;09/05/2024;8;111;888
131;4;5;62;10/05/2024;14;85;1190
132;7;4;23;11/05/2024;13;114;1482
133;3;2;26;12/05/2024;15;31;465
134;6;2;68;13/05/2024;17;87;1479
135;2;1;82;14/05/2024;15;136;2040
136;10;5;55;15/05/2024;18;152;2736
137;9;4;6;16/05/2024;18;197;3546
138;5;3;35;17/05/2024;2;193;386
139;6;2;22;18/05/2024;4;143;572
140;4;2;43;19/05/2024;1;136;136
141;10;3;15;20/05/2024;4;66;264
142;7;4;86;21/05/2024;18;108;1944
143;9;4;60;22/05/2024;5;121;605
144;7;5;12;23/05/2024;19;47;893
145;1;5;49;24/05/2024;15;127;1905
146;1;1;42;25/05/2024;8;92;736
147;9;2;38;26/05/2024;17;179;3043
148;9;5;82;27/05/2024;1;168;168
149;4;4;45;28/05/2024;12;33;396
150;9;3;35;29/05/2024;19;164;3116
151;3;4;30;30/05/2024;15;90;1350
152;7;2;88;31/05/2024;9;136;1224
153;6;4;30;01/06/2024;7;83;581
154;8;1;78;02/06/2024;2;117;234
155;9;2;6;03/06/2024;9;97;873
156;5;3;67;04/06/2024;10;158;1580
157;1;1;80;05/06/2024;2;84;168
158;3;2;7;06/06/2024;19;32;608
159;10;3;52;07/06/2024;11;195;2145
160;8;1;14;08/06/2024;13;150;1950
161;6;1;73;09/06/2024;10;158;1580
162;8;2;15;10/06/2024;14;131;1834
163;9;5;21;11/06/2024;18;67;1206
164;4;1;35;12/06/2024;19;114;2166
165;1;1;66;13/06/2024;9;186;1674
166;1;3;91;14/06/2024;7;162;1134
167;10;4;2;15/06/2024;3;121;363
168;4;2;35;16/06/2024;6;50;300
169;7;2;82;17/06/2024;2;138;276
170;2;5;78;18/06/2024;6;76;456
171;3;5;20;19/06/2024;3;113;339
172;1;2;82;20/06/2024;16;112;1792
173;5;5;10;21/06/2024;8;64;512
174;1;3;25;22/06/2024;2;98;196
175;8;2;66;23/06/2024;17;158;2686
176;1;5;25;24/06/2024;9;169;1521
177;1;2;54;25/06/2024;12;56;672
178;2;4;33;26/06/2024;3;85;255
179;2;1;36;27/06/2024;11;52;572
180;6;2;95;28/06/2024;1;182;182
181;7;1;14;29/06/2024;13;50;650
182;5;5;65;30/06/2024;15;90;1350
183;1;1;80;01/07/2024;5;92;460
184;1;2;54;02/07/2024;17;151;2567
185;3;4;52;03/07/2024;6;81;486
186;2;5;3;04/07/2024;11;117;1287
187;5;2;99;05/07/2024;18;182;3276
188;10;5;41;06/07/2024;4;84;336
189;6;3;6;07/07/2024;3;75;225
190;7;1;25;08/07/2024;13;61;793
191;4;3;13;09/07/2024;9;84;756
192;7;2;98;10/07/2024;6;125;750
193;8;4;8;11/07/2024;12;162;1944
194;1;5;21;12/07/2024;2;65;130
195;6;1;98;13/07/2024;3;139;417
196;8;5;68;14/07/2024;3;135;405
197;5;2;25;15/07/2024;12;87;1044
198;4;5;79;16/07/2024;15;68;1020
199;2;1;68;17/07/2024;9;109;981
200;6;2;45;18/07/2024;8;126;1008
201;6;5;60;19/07/2024;11;142;1562
202;1;4;12;20/07/2024;16;90;1440
203;9;2;32;21/07/2024;4;166;664
204;6;2;96;22/07/2024;1;35;35
205;3;4;92;23/07/2024;7;138;966
206;4;3;13;24/07/2024;2;64;128
207;4;1;31;25/07/2024;5;68;340
208;3;3;78;26/07/2024;7;179;1253
209;10;5;20;27/07/2024;4;198;792
210;3;4;18;28/07/2024;5;147;735
211;3;3;93;29/07/2024;1;34;34
212;4;2;60;30/07/2024;1;199;199
213;7;5;63;31/07/2024;15;116;1740
214;4;5;6;01/08/2024;19;105;1995
215;9;3;32;02/08/2024;10;187;1870
216;1;3;93;03/08/2024;18;86;1548
217;8;4;43;04/08/2024;3;156;468
218;7;1;2;05/08/2024;11;58;638
219;2;3;60;06/08/2024;15;194;2910
220;8;3;23;07/08/2024;11;116;1276
221;1;2;83;08/08/2024;17;170;2890
222;9;5;31;09/08/2024;17;189;3213
223;9;1;5;10/08/2024;6;75;450
224;2;2;83;11/08/2024;5;145;725
225;7;4;34;12/08/2024;8;141;1128
226;10;4;10;13/08/2024;2;180;360
227;3;3;89;14/08/2024;16;74;1184
228;7;3;2;15/08/2024;12;174;2088
229;10;4;11;16/08/2024;6;133;798
230;9;3;50;17/08/2024;1;114;114
231;4;1;31;18/08/2024;4;163;652
232;1;3;56;19/08/2024;17;137;2329
233;2;5;79;20/08/2024;13;47;611
234;1;3;73;21/08/2024;18;123;2214
235;5;2;87;22/08/2024;5;179;895
236;5;1;83;23/08/2024;3;62;186
237;7;2;9;24/08/2024;11;187;2057
238;9;2;99;25/08/2024;13;155;2015
239;9;5;21;26/08/2024;4;189;756
240;3;1;73;27/08/2024;14;199;2786
241;3;1;28;28/08/2024;11;151;1661
242;3;1;62;29/08/2024;10;167;1670
243;4;1;7;30/08/2024;19;144;2736
244;8;1;80;31/08/2024;18;193;3474
245;6;5;16;01/09/2024;6;191;1146
246;8;3;97;02/09/2024;15;57;855
247;1;2;4;03/09/2024;10;40;400
248;8;1;4;04/09/2024;5;196;980
249;4;3;40;05/09/2024;5;76;380
250;1;3;17;06/09/2024;10;156;1560
251;8;2;52;07/09/2024;5;176;880
252;4;5;93;08/09/2024;3;147;441
253;6;4;52;09/09/2024;6;172;1032
254;8;4;36;10/09/2024;4;155;620
255;4;3;38;11/09/2024;18;185;3330
256;3;2;50;12/09/2024;9;181;1629
257;9;4;63;13/09/2024;17;101;1717
258;3;3;63;14/09/2024;13;136;1768
259;9;5;62;15/09/2024;15;166;2490
260;2;4;99;16/09/2024;17;62;1054
261;2;3;7;17/09/2024;13;48;624
262;2;3;27;18/09/2024;16;103;1648
263;6;1;92;19/09/2024;4;197;788
264;3;5;86;20/09/2024;5;186;930
265;9;1;14;21/09/2024;5;127;635
266;4;2;71;22/09/2024;9;170;1530
267;1;1;86;23/09/2024;17;158;2686
268;4;1;5;24/09/2024;13;191;2483
269;1;4;55;25/09/2024;2;122;244
270;5;3;2;26/09/2024;13;77;1001
271;4;5;62;27/09/2024;19;93;1767
272;8;1;91;28/09/2024;3;90;270
273;8;5;21;29/09/2024;10;186;1860
274;7;1;79;30/09/2024;2;68;136
275;3;2;21;01/10/2024;13;157;2041
276;1;1;10;02/10/2024;19;117;2223
277;1;4;87;03/10/2024;17;55;935
278;3;3;58;04/10/2024;14;46;644
279;6;2;39;05/10/2024;12;100;1200
280;7;1;5;06/10/2024;12;42;504
281;6;5;65;07/10/2024;11;98;1078
282;6;2;13;08/10/2024;7;55;385
283;6;2;85;09/10/2024;4;78;312
284;3;1;90;10/10/2024;19;36;684
285;6;2;85;11/10/2024;1;87;87
286;8;5;53;12/10/2024;3;78;234
287;2;2;82;13/10/2024;13;132;1716
288;5;5;45;14/10/2024;15;82;1230
289;1;1;32;15/10/2024;2;91;182
290;1;3;36;16/10/2024;11;46;506
291;5;2;81;17/10/2024;4;54;216
292;3;3;99;18/10/2024;19;160;3040
293;4;5;60;19/10/2024;17;58;986
294;3;2;11;20/10/2024;3;146;438
295;1;4;63;21/10/2024;18;189;3402
296;1;3;21;22/10/2024;8;55;440
297;5;2;52;23/10/2024;19;153;2907
298;6;3;55;24/10/2024;5;173;865
299;3;2;26;25/10/2024;7;54;378
300;9;1;68;26/10/2024;8;83;664
301;5;3;34;27/10/2024;5;185;925
302;8;4;52;28/10/2024;17;102;1734
303;1;4;82;29/10/2024;5;149;745
304;5;5;99;30/10/2024;4;85;340
305;3;2;93;31/10/2024;19;94;1786
306;1;3;52;01/11/2024;2;122;244
307;4;5;29;02/11/2024;11;115;1265
308;5;3;38;03/11/2024;13;109;1417
309;7;2;42;04/11/2024;15;198;2970
310;1;4;21;05/11/2024;12;137;1644
311;3;1;42;06/11/2024;11;147;1617
312;2;4;13;07/11/2024;7;186;1302
313;9;5;64;08/11/2024;5;112;560
314;10;1;17;09/11/2024;17;176;2992
315;6;5;9;10/11/2024;9;198;1782
316;10;2;41;11/11/2024;14;44;616
317;3;1;1;12/11/2024;12;160;1920
318;8;5;2;13/11/2024;6;168;1008
319;8;2;60;14/11/2024;17;59;1003
320;2;4;48;15/11/2024;19;86;1634
321;6;2;29;16/11/2024;19;175;3325
322;7;3;97;17/11/2024;16;157;2512
323;2;2;10;18/11/2024;12;77;924
324;10;2;58;19/11/2024;12;165;1980
325;2;3;60;20/11/2024;6;51;306
326;10;5;21;21/11/2024;4;35;140
327;1;5;28;22/11/2024;6;133;798
328;8;2;75;23/11/2024;11;65;715
329;1;3;34;24/11/2024;1;108;108
330;9;3;8;25/11/2024;15;145;2175
331;6;4;59;26/11/2024;11;86;946
332;7;5;86;27/11/2024;19;78;1482
333;10;1;72;28/11/2024;18;111;1998
334;7;5;49;29/11/2024;17;95;1615
335;10;5;79;30/11/2024;19;106;2014
336;3;4;17;01/12/2024;14;74;1036
337;2;1;60;02/12/2024;18;108;1944
338;9;4;87;03/12/2024;19;49;931
339;8;1;88;04/12/2024;15;152;2280
340;10;2;45;05/12/2024;15;96;1440
341;7;1;83;06/12/2024;4;112;448
342;9;4;69;07/12/2024;7;32;224
343;4;5;32;08/12/2024;13;93;1209
344;4;1;44;09/12/2024;3;69;207
345;1;1;65;10/12/2024;16;88;1408
346;8;3;87;11/12/2024;9;91;819
347;3;5;8;12/12/2024;8;161;1288
348;7;2;77;13/12/2024;13;89;1157
349;2;4;72;14/12/2024;17;145;2465
350;2;2;87;15/12/2024;17;104;1768
351;7;5;43;16/12/2024;17;151;2567
352;6;1;1;17/12/2024;1;136;136
353;3;1;51;18/12/2024;8;125;1000
354;9;5;24;19/12/2024;19;120;2280
355;10;1;99;20/12/2024;6;187;1122
356;6;1;24;21/12/2024;3;159;477
357;10;1;17;22/12/2024;5;91;455
358;10;4;5;23/12/2024;13;78;1014
359;6;4;20;24/12/2024;15;166;2490
360;1;3;21;25/12/2024;14;121;1694
361;4;2;58;26/12/2024;16;188;3008
362;10;5;31;27/12/2024;18;153;2754
363;6;5;100;28/12/2024;11;90;990
364;6;5;11;29/12/2024;3;77;231
365;5;3;52;30/12/2024;10;182;1820
366;1;4;15;31/12/2024;10;193;1930
367;8;3;83;01/01/2025;16;165;2640
368;5;5;7;02/01/2025;12;87;1044
369;5;2;28;03/01/2025;2;130;260
370;7;1;51;04/01/2025;9;141;1269
371;4;4;58;05/01/2025;3;91;273
372;6;4;5;06/01/2025;15;68;1020
373;4;3;5;07/01/2025;3;87;261
374;3;4;94;08/01/2025;19;128;2432
375;7;5;96;09/01/2025;18;73;1314
376;8;5;8;10/01/2025;8;58;464
377;4;3;64;11/01/2025;17;88;1496
378;2;5;10;12/01/2025;8;100;800
379;10;2;38;13/01/2025;7;121;847
380;3;3;96;14/01/2025;7;38;266
381;1;2;92;15/01/2025;3;156;468
382;8;1;81;16/01/2025;1;163;163
383;3;2;95;17/01/2025;4;186;744
384;10;1;8;18/01/2025;5;174;870
385;7;1;25;19/01/2025;1;173;173
386;10;2;73;20/01/2025;15;160;2400
387;5;3;66;21/01/2025;5;50;250
388;10;5;79;22/01/2025;13;93;1209
389;5;5;50;23/01/2025;8;119;952
390;7;1;67;24/01/2025;8;65;520
391;9;1;49;25/01/2025;5;91;455
392;5;3;36;26/01/2025;9;199;1791
393;1;4;68;27/01/2025;1;105;105
394;10;2;78;28/01/2025;4;199;796
395;10;1;41;29/01/2025;3;42;126
396;1;5;89;30/01/2025;2;40;80
397;2;3;62;31/01/2025;8;83;664
398;6;2;10;01/02/2025;9;45;405
399;9;3;21;02/02/2025;2;37;74
400;8;2;36;03/02/2025;14;133;1862
401;5;2;12;04/02/2025;14;88;1232
402;1;1;91;05/02/2025;4;86;344
403;7;3;2;06/02/2025;6;69;414
404;5;3;13;07/02/2025;11;159;1749
405;6;5;53;08/02/2025;3;123;369
406;7;5;32;09/02/2025;8;167;1336
407;3;1;95;10/02/2025;3;73;219
408;10;1;16;11/02/2025;14;168;2352
409;3;4;32;12/02/2025;13;109;1417
410;5;5;32;13/02/2025;13;110;1430
411;6;2;98;14/02/2025;2;31;62
412;9;3;11;15/02/2025;13;169;2197
413;5;1;10;16/02/2025;19;144;2736
414;1;3;15;17/02/2025;6;119;714
415;4;3;17;18/02/2025;16;52;832
416;5;4;40;19/02/2025;2;175;350
417;10;5;18;20/02/2025;8;91;728
418;10;1;55;21/02/2025;17;142;2414
419;5;3;73;22/02/2025;2;157;314
420;7;1;25;23/02/2025;10;91;910
421;4;2;59;24/02/2025;16;67;1072
422;1;4;78;25/02/2025;6;195;1170
423;5;2;89;26/02/2025;2;90;180
424;7;1;22;27/02/2025;2;158;316
425;10;1;30;28/02/2025;13;185;2405
426;10;5;84;01/03/2025;15;178;2670
427;6;3;85;02/03/2025;2;151;302
428;5;3;44;03/03/2025;7;139;973
429;4;2;32;04/03/2025;3;42;126
430;2;4;51;05/03/2025;8;184;1472
431;4;3;46;06/03/2025;14;129;1806
432;10;5;21;07/03/2025;7;164;1148
433;10;2;99;08/03/2025;7;51;357
434;3;2;32;09/03/2025;1;103;103
435;10;5;94;10/03/2025;17;161;2737
436;1;4;39;11/03/2025;9;52;468
437;8;5;12;12/03/2025;13;148;1924
438;5;4;47;13/03/2025;19;99;1881
439;4;5;18;14/03/2025;19;113;2147
440;8;5;21;15/03/2025;17;130;2210
441;7;1;13;16/03/2025;10;113;1130
442;2;2;21;17/03/2025;10;190;1900
443;1;5;8;18/03/2025;4;57;228
444;4;5;46;19/03/2025;8;165;1320
445;8;3;7;20/03/2025;18;30;540
446;2;2;23;21/03/2025;14;194;2716
447;3;3;96;22/03/2025;18;92;1656
448;1;2;75;23/03/2025;14;51;714
449;1;3;86;24/03/2025;15;99;1485
450;3;5;22;25/03/2025;4;154;616
451;5;5;89;26/03/2025;13;178;2314
452;3;1;22;27/03/2025;8;125;1000
453;1;3;92;28/03/2025;18;192;3456
454;1;4;29;29/03/2025;12;108;1296
455;8;1;13;30/03/2025;14;34;476
456;10;3;82;31/03/2025;2;89;178
457;2;3;2;01/04/2025;18;149;2682
458;3;1;29;02/04/2025;2;75;150
459;2;5;85;03/04/2025;11;163;1793
460;3;3;79;04/04/2025;9;85;765
461;7;5;52;05/04/2025;12;139;1668
462;1;1;27;06/04/2025;17;186;3162
463;10;5;50;07/04/2025;15;133;1995
464;8;2;95;08/04/2025;17;106;1802
465;10;4;79;09/04/2025;18;175;3150
466;10;3;23;10/04/2025;6;31;186
467;10;4;88;11/04/2025;17;37;629
468;2;5;44;12/04/2025;18;104;1872
469;3;3;77;13/04/2025;8;154;1232
470;9;5;22;14/04/2025;9;67;603
471;7;2;43;15/04/2025;6;56;336
472;4;1;37;16/04/2025;5;49;245
473;10;3;61;17/04/2025;12;169;2028
474;5;2;97;18/04/2025;11;72;792
475;2;2;56;19/04/2025;1;60;60
476;8;3;3;20/04/2025;11;120;1320
477;4;5;63;21/04/2025;19;90;1710
478;9;2;19;22/04/2025;9;138;1242
479;5;4;23;23/04/2025;2;120;240
480;9;2;29;24/04/2025;12;192;2304
481;4;5;30;25/04/2025;4;124;496
482;10;5;39;26/04/2025;4;172;688
483;5;4;25;27/04/2025;18;173;3114
484;9;2;8;28/04/2025;15;42;630
485;8;5;58;29/04/2025;19;142;2698
486;3;3;16;30/04/2025;13;64;832
487;1;1;72;01/05/2025;19;178;3382
488;3;1;1;02/05/2025;17;187;3179
489;4;1;5;03/05/2025;6;77;462
490;2;2;3;04/05/2025;16;64;1024
491;1;4;65;05/05/2025;12;115;1380
492;7;5;4;06/05/2025;19;195;3705
493;8;3;99;07/05/2025;5;188;940
494;7;3;96;08/05/2025;17;181;3077
495;5;2;64;09/05/2025;1;143;143
496;1;1;98;10/05/2025;10;129;1290
497;7;2;89;11/05/2025;15;189;2835
498;7;4;10;12/05/2025;11;128;1408
499;9;4;21;13/05/2025;13;32;416
500;3;5;46;14/05/2025;5;114;570
501;9;5;91;15/05/2025;1;154;154
502;1;4;27;16/05/2025;12;167;2004
503;1;4;66;17/05/2025;11;112;1232
504;4;4;41;18/05/2025;17;54;918
505;9;2;13;19/05/2025;4;97;388
506;6;4;9;20/05/2025;15;90;1350
507;3;3;36;21/05/2025;9;58;522
508;1;1;86;22/05/2025;19;156;2964
509;4;4;90;23/05/2025;19;48;912
510;9;1;58;24/05/2025;12;103;1236
511;3;2;54;25/05/2025;5;90;450
512;9;1;12;26/05/2025;10;182;1820
513;7;2;81;27/05/2025;17;49;833
514;4;3;78;28/05/2025;5;77;385
515;3;2;14;29/05/2025;16;116;1856
516;10;2;34;30/05/2025;7;181;1267
517;5;5;53;31/05/2025;9;168;1512
518;5;4;20;01/06/2025;3;139;417
519;3;4;75;02/06/2025;15;57;855
520;9;3;16;03/06/2025;16;88;1408
521;4;3;95;04/06/2025;18;162;2916
522;5;4;70;05/06/2025;14;80;1120
523;4;5;56;06/06/2025;3;178;534
524;5;4;83;07/06/2025;12;41;492
525;7;5;58;08/06/2025;9;79;711
526;9;3;4;09/06/2025;7;161;1127
527;7;1;4;10/06/2025;9;142;1278
528;5;3;20;11/06/2025;13;199;2587
529;10;3;10;12/06/2025;18;195;3510
530;10;2;24;13/06/2025;5;182;910
531;7;2;99;14/06/2025;13;43;559
532;10;2;26;15/06/2025;4;61;244
533;5;2;37;16/06/2025;2;168;336
534;3;5;85;17/06/2025;16;175;2800
535;7;4;54;18/06/2025;9;184;1656
536;2;1;21;19/06/2025;9;84;756
537;9;3;74;20/06/2025;6;149;894
538;10;5;38;21/06/2025;11;104;1144
539;10;1;46;22/06/2025;1;50;50
540;1;5;4;23/06/2025;4;162;648
541;6;5;60;24/06/2025;13;116;1508
542;7;3;57;25/06/2025;13;198;2574
543;8;4;45;26/06/2025;13;88;1144
544;10;2;20;27/06/2025;2;118;236
545;9;4;17;28/06/2025;9;179;1611
546;2;3;71;29/06/2025;8;112;896
547;10;3;4;30/06/2025;7;94;658
548;2;3;93;01/07/2025;4;93;372
549;5;1;14;02/07/2025;18;100;1800
550;5;4;3;03/07/2025;3;33;99
551;6;4;88;04/07/2025;6;172;1032
552;3;5;80;05/07/2025;12;133;1596
553;8;5;58;06/07/2025;12;179;2148
554;1;5;55;07/07/2025;8;122;976
555;6;3;4;08/07/2025;1;171;171
556;4;4;24;09/07/2025;4;177;708
557;1;3;34;10/07/2025;11;141;1551
558;7;1;30;11/07/2025;3;190;570
559;9;5;82;12/07/2025;13;148;1924
560;4;3;19;13/07/2025;17;88;1496
561;4;3;31;14/07/2025;10;72;720
562;6;1;60;15/07/2025;12;41;492
563;3;2;60;16/07/2025;15;69;1035
564;6;4;19;17/07/2025;10;147;1470
565;7;2;49;18/07/2025;14;49;686
566;10;5;63;19/07/2025;13;195;2535
567;10;3;83;20/07/2025;5;160;800
568;3;1;22;21/07/2025;6;185;1110
569;7;1;24;22/07/2025;2;119;238
570;3;4;76;23/07/2025;17;123;2091
571;2;2;30;24/07/2025;4;42;168
572;10;4;58;25/07/2025;14;95;1330
573;4;3;31;26/07/2025;10;66;660
574;8;4;100;27/07/2025;3;95;285
575;9;1;64;28/07/2025;3;65;195
576;7;1;19;29/07/2025;15;55;825
577;1;5;48;30/07/2025;6;104;624
578;3;5;45;31/07/2025;17;137;2329
579;9;3;100;01/08/2025;12;197;2364
580;1;2;94;02/08/2025;11;72;792
581;9;4;55;03/08/2025;4;179;716
582;8;3;55;04/08/2025;6;177;1062
583;1;5;97;05/08/2025;1;37;37
584;6;4;18;06/08/2025;16;58;928
585;5;5;63;07/08/2025;15;69;1035
586;6;4;92;08/08/2025;17;187;3179
587;10;2;47;09/08/2025;8;157;1256
588;5;3;75;10/08/2025;12;113;1356
589;6;4;57;11/08/2025;10;145;1450
590;5;1;45;12/08/2025;15;173;2595
591;5;1;33;13/08/2025;9;91;819
592;4;4;17;14/08/2025;2;36;72
593;3;4;70;15/08/2025;5;74;370
594;3;4;4;16/08/2025;6;184;1104
595;4;1;20;17/08/2025;7;117;819
596;9;1;47;18/08/2025;1;102;102
597;2;4;91;19/08/2025;7;192;1344
598;9;5;15;20/08/2025;12;66;792
599;1;5;70;21/08/2025;16;148;2368
600;1;2;47;22/08/2025;16;86;1376
601;5;3;78;23/08/2025;11;37;407
602;6;5;75;24/08/2025;4;124;496
603;6;1;9;25/08/2025;13;146;1898
604;3;5;90;26/08/2025;7;139;973
605;7;2;16;27/08/2025;4;49;196
606;9;2;69;28/08/2025;15;153;2295
607;10;3;61;29/08/2025;19;82;1558
608;8;5;10;30/08/2025;9;148;1332
609;6;1;50;31/08/2025;11;41;451
610;8;1;3;01/09/2025;8;46;368
611;5;4;77;02/09/2025;1;93;93
612;8;1;94;03/09/2025;8;71;568
613;10;3;70;04/09/2025;13;123;1599
614;4;3;81;05/09/2025;4;186;744
615;10;1;51;06/09/2025;8;176;1408
616;8;1;19;07/09/2025;3;40;120
617;10;4;42;08/09/2025;9;127;1143
618;2;1;35;09/09/2025;2;100;200
619;5;4;46;10/09/2025;2;137;274
620;9;4;26;11/09/2025;13;87;1131
621;4;1;69;12/09/2025;15;63;945
622;6;2;93;13/09/2025;12;49;588
623;1;2;64;14/09/2025;4;79;316
624;9;4;37;15/09/2025;8;131;1048
625;1;1;84;16/09/2025;9;167;1503
626;5;2;49;17/09/2025;5;189;945
627;4;1;21;18/09/2025;18;81;1458
628;3;1;74;19/09/2025;11;44;484
629;6;1;64;20/09/2025;15;113;1695
630;2;5;5;21/09/2025;9;160;1440
631;3;1;100;22/09/2025;17;66;1122
632;5;5;70;23/09/2025;12;155;1860
633;9;4;90;24/09/2025;7;69;483
634;2;2;4;25/09/2025;10;101;1010
635;10;2;39;26/09/2025;10;69;690
636;8;2;35;27/09/2025;13;85;1105
637;2;2;1;28/09/2025;19;180;3420
638;5;2;24;29/09/2025;11;133;1463
639;7;2;57;30/09/2025;13;168;2184
640;8;2;100;01/10/2025;8;139;1112
641;1;4;70;02/10/2025;8;165;1320
642;6;1;41;03/10/2025;4;122;488
643;1;3;54;04/10/2025;15;123;1845
644;2;5;46;05/10/2025;11;85;935
645;1;3;60;06/10/2025;11;89;979
646;5;3;60;07/10/2025;1;167;167
647;10;1;57;08/10/2025;17;68;1156
648;9;1;31;09/10/2025;15;57;855
649;6;1;84;10/10/2025;6;78;468
650;1;2;24;11/10/2025;15;193;2895
651;1;4;89;12/10/2025;9;154;1386
652;2;2;36;13/10/2025;14;42;588
653;9;4;85;14/10/2025;18;65;1170
654;3;4;30;15/10/2025;17;130;2210
655;1;3;24;16/10/2025;18;55;990
656;5;3;30;17/10/2025;5;115;575
657;7;4;86;18/10/2025;9;33;297
658;6;4;92;19/10/2025;11;111;1221
659;1;2;7;20/10/2025;1;195;195
660;5;2;35;21/10/2025;18;156;2808
661;5;3;55;22/10/2025;6;117;702
662;6;1;92;23/10/2025;2;156;312
663;3;4;14;24/10/2025;15;149;2235
664;5;2;10;25/10/2025;14;51;714
665;7;3;80;26/10/2025;5;159;795
666;5;2;16;27/10/2025;6;60;360
667;5;4;54;28/10/2025;6;148;888
668;5;4;95;29/10/2025;18;40;720
669;10;5;89;30/10/2025;14;75;1050
670;10;1;77;31/10/2025;10;125;1250
671;3;5;70;01/11/2025;14;39;546
672;1;3;44;02/11/2025;13;197;2561
673;5;2;73;03/11/2025;3;157;471
674;9;3;45;04/11/2025;6;181;1086
675;1;4;100;05/11/2025;8;128;1024
676;3;5;56;06/11/2025;12;141;1692
677;4;5;84;07/11/2025;13;89;1157
678;1;5;82;08/11/2025;11;116;1276
679;1;3;57;09/11/2025;12;174;2088
680;8;4;21;10/11/2025;1;94;94
681;2;2;68;11/11/2025;17;86;1462
682;8;2;50;12/11/2025;16;135;2160
683;7;3;33;13/11/2025;11;38;418
684;10;5;91;14/11/2025;13;51;663
685;10;1;7;15/11/2025;18;170;3060
686;2;3;70;16/11/2025;11;118;1298
687;6;3;15;17/11/2025;12;47;564
688;6;4;82;18/11/2025;6;144;864
689;3;2;32;19/11/2025;9;197;1773
690;2;3;75;20/11/2025;16;174;2784
691;1;3;20;21/11/2025;4;172;688
692;6;5;88;22/11/2025;3;135;405
693;5;5;15;23/11/2025;16;44;704
694;9;1;48;24/11/2025;12;92;1104
695;1;4;71;25/11/2025;11;196;2156
696;7;1;21;26/11/2025;5;42;210
697;5;5;42;27/11/2025;18;110;1980
698;5;2;26;28/11/2025;19;61;1159
699;2;5;14;29/11/2025;6;166;996
700;3;4;57;30/11/2025;18;69;1242
701;7;5;37;01/12/2025;6;177;1062
702;6;4;58;02/12/2025;4;111;444
703;2;4;21;03/12/2025;12;106;1272
704;6;4;82;04/12/2025;19;105;1995
705;2;4;69;05/12/2025;2;67;134
706;2;4;3;06/12/2025;17;100;1700
707;2;2;87;07/12/2025;11;77;847
708;3;1;90;08/12/2025;11;47;517
709;2;3;37;09/12/2025;16;173;2768
710;4;1;88;10/12/2025;2;68;136
711;9;4;49;11/12/2025;2;118;236
712;6;2;19;12/12/2025;8;91;728
713;1;5;89;13/12/2025;13;170;2210
714;8;2;85;14/12/2025;10;138;1380
715;7;4;12;15/12/2025;8;110;880
716;10;2;61;16/12/2025;4;163;652
717;3;2;41;17/12/2025;15;106;1590
718;1;4;33;18/12/2025;1;119;119
719;5;2;50;19/12/2025;11;43;473
720;4;3;68;20/12/2025;7;124;868
721;10;3;71;21/12/2025;17;83;1411
722;8;2;86;22/12/2025;18;161;2898
723;1;5;33;23/12/2025;12;68;816
724;10;4;81;24/12/2025;9;101;909
725;1;3;24;25/12/2025;5;54;270
726;4;5;61;26/12/2025;10;106;1060
727;8;2;61;27/12/2025;4;189;756
728;5;5;98;28/12/2025;5;195;975
729;2;1;28;29/12/2025;10;149;1490
730;6;3;58;30/12/2025;11;82;902
731;5;2;43;31/12/2025;10;185;1850
732;2;4;41;01/01/2026;8;160;1280
733;3;2;39;02/01/2026;2;179;358
734;9;4;86;03/01/2026;8;125;1000
735;7;2;49;04/01/2026;16;195;3120
736;7;5;17;05/01/2026;5;101;505
737;6;5;98;06/01/2026;3;91;273
738;8;5;70;07/01/2026;12;35;420
739;4;1;70;08/01/2026;13;61;793
740;8;4;98;09/01/2026;13;128;1664
741;4;5;65;10/01/2026;10;167;1670
742;8;1;74;11/01/2026;4;160;640
743;9;4;85;12/01/2026;9;105;945
744;3;2;5;13/01/2026;2;88;176
745;3;1;2;14/01/2026;19;60;1140
746;2;3;22;15/01/2026;1;122;122
747;10;1;57;16/01/2026;7;98;686
748;3;1;66;17/01/2026;17;81;1377
749;3;4;74;18/01/2026;3;118;354
750;5;2;98;19/01/2026;3;156;468
751;5;3;16;20/01/2026;3;198;594
752;2;5;51;21/01/2026;17;60;1020
753;10;5;39;22/01/2026;7;113;791
754;6;1;86;23/01/2026;14;156;2184
755;5;4;76;24/01/2026;17;179;3043
756;6;4;88;25/01/2026;18;161;2898
757;1;5;40;26/01/2026;13;42;546
758;5;3;38;27/01/2026;18;74;1332
759;9;2;60;28/01/2026;4;156;624
760;10;3;59;29/01/2026;1;199;199
761;2;2;10;30/01/2026;18;143;2574
762;1;5;99;31/01/2026;1;49;49
763;10;2;64;01/02/2026;13;110;1430
764;9;4;63;02/02/2026;10;193;1930
765;10;1;49;03/02/2026;11;158;1738
766;9;1;64;04/02/2026;9;172;1548
767;9;5;32;05/02/2026;9;46;414
768;6;4;7;06/02/2026;5;181;905
769;8;3;21;07/02/2026;1;87;87
770;1;4;20;08/02/2026;17;101;1717
771;10;1;26;09/02/2026;2;138;276
772;4;1;68;10/02/2026;13;52;676
773;1;4;86;11/02/2026;9;101;909
774;8;4;15;12/02/2026;4;37;148
775;1;1;85;13/02/2026;5;88;440
776;3;3;79;14/02/2026;11;140;1540
777;4;5;86;15/02/2026;19;42;798
778;8;5;92;16/02/2026;3;196;588
779;6;4;14;17/02/2026;12;185;2220
780;10;5;27;18/02/2026;19;45;855
781;7;1;40;19/02/2026;19;148;2812
782;8;1;58;20/02/2026;13;31;403
783;2;4;28;21/02/2026;7;174;1218
784;10;4;26;22/02/2026;15;59;885
785;8;4;63;23/02/2026;7;132;924
786;3;3;66;24/02/2026;8;42;336
787;7;5;25;25/02/2026;5;125;625
788;3;4;3;26/02/2026;14;123;1722
789;7;2;72;27/02/2026;4;111;444
790;2;2;44;28/02/2026;10;42;420
791;10;1;97;01/03/2026;15;123;1845
792;6;5;42;02/03/2026;18;178;3204
793;3;4;99;03/03/2026;13;141;1833
794;3;2;6;04/03/2026;8;84;672
795;9;5;39;05/03/2026;9;110;990
796;7;1;52;06/03/2026;16;197;3152
797;5;3;23;07/03/2026;19;145;2755
798;10;5;89;08/03/2026;16;172;2752
799;7;5;50;09/03/2026;7;137;959
800;9;3;43;10/03/2026;14;82;1148
801;1;5;19;11/03/2026;14;157;2198
802;7;1;69;12/03/2026;4;187;748
803;6;1;51;13/03/2026;15;190;2850
804;10;3;11;14/03/2026;3;86;258
805;9;4;12;15/03/2026;5;81;405
806;1;2;74;16/03/2026;1;166;166
807;4;4;8;17/03/2026;3;140;420
808;9;5;24;18/03/2026;15;30;450
809;4;2;92;19/03/2026;8;73;584
810;10;3;41;20/03/2026;4;104;416
811;3;3;36;21/03/2026;2;127;254
812;9;2;85;22/03/2026;10;38;380
813;2;1;72;23/03/2026;4;61;244
814;4;2;55;24/03/2026;3;44;132
815;6;5;9;25/03/2026;2;169;338
816;2;1;47;26/03/2026;17;165;2805
817;8;3;15;27/03/2026;13;101;1313
818;8;2;48;28/03/2026;5;184;920
819;1;4;82;29/03/2026;9;41;369
820;3;4;42;30/03/2026;6;94;564
821;10;5;60;31/03/2026;5;136;680
822;9;4;84;01/04/2026;10;71;710
823;5;2;70;02/04/2026;8;144;1152
824;6;2;12;03/04/2026;7;168;1176
825;4;4;2;04/04/2026;7;132;924
826;10;2;7;05/04/2026;6;124;744
827;2;5;80;06/04/2026;3;46;138
828;8;1;3;07/04/2026;19;189;3591
829;6;5;3;08/04/2026;15;114;1710
830;5;5;27;09/04/2026;4;197;788
831;9;2;40;10/04/2026;12;180;2160
832;1;1;33;11/04/2026;6;85;510
833;5;2;92;12/04/2026;19;163;3097
834;6;3;1;13/04/2026;4;115;460
835;5;2;8;14/04/2026;15;131;1965
836;6;2;32;15/04/2026;9;194;1746
837;6;2;48;16/04/2026;5;83;415
838;7;1;4;17/04/2026;13;144;1872
839;4;2;94;18/04/2026;18;168;3024
840;8;1;70;19/04/2026;5;117;585
841;7;4;19;20/04/2026;16;78;1248
842;9;3;32;21/04/2026;19;178;3382
843;7;1;9;22/04/2026;14;144;2016
844;3;4;12;23/04/2026;16;92;1472
845;3;1;11;24/04/2026;15;133;1995
846;8;1;46;25/04/2026;4;112;448
847;5;3;16;26/04/2026;7;132;924
848;4;5;1;27/04/2026;16;185;2960
849;8;5;63;28/04/2026;8;46;368
850;6;1;21;29/04/2026;17;35;595
851;2;2;30;30/04/2026;16;176;2816
852;4;4;13;01/05/2026;10;57;570
853;4;2;34;02/05/2026;10;67;670
854;6;2;4;03/05/2026;2;148;296
855;6;1;28;04/05/2026;9;66;594
856;1;1;95;05/05/2026;17;144;2448
857;8;1;59;06/05/2026;11;97;1067
858;6;1;27;07/05/2026;10;72;720
859;3;5;69;08/05/2026;17;193;3281
860;9;1;25;09/05/2026;4;87;348
861;2;5;3;10/05/2026;16;42;672
862;8;5;97;11/05/2026;15;81;1215
863;10;1;68;12/05/2026;5;87;435
864;3;3;25;13/05/2026;6;61;366
865;5;4;20;14/05/2026;17;134;2278
866;6;2;34;15/05/2026;1;112;112
867;10;5;26;16/05/2026;19;128;2432
868;6;4;5;17/05/2026;4;133;532
869;4;3;99;18/05/2026;17;57;969
870;3;2;61;19/05/2026;9;158;1422
871;4;2;92;20/05/2026;2;199;398
872;1;5;93;21/05/2026;8;77;616
873;4;1;9;22/05/2026;15;69;1035
874;1;3;50;23/05/2026;7;126;882
875;1;5;6;24/05/2026;6;143;858
876;10;3;83;25/05/2026;1;161;161
877;6;1;60;26/05/2026;15;195;2925
878;5;1;44;27/05/2026;7;184;1288
879;4;5;11;28/05/2026;17;166;2822
880;3;1;66;29/05/2026;2;140;280
881;1;4;47;30/05/2026;9;173;1557
882;6;2;73;31/05/2026;9;105;945
883;2;5;85;01/06/2026;13;60;780
884;8;3;88;02/06/2026;6;148;888
885;10;4;98;03/06/2026;6;171;1026
886;5;5;86;04/06/2026;3;54;162
887;7;1;3;05/06/2026;17;63;1071
888;10;1;76;06/06/2026;17;96;1632
889;2;1;92;07/06/2026;12;181;2172
890;8;1;30;08/06/2026;16;147;2352
891;2;3;90;09/06/2026;15;102;1530
892;4;4;21;10/06/2026;13;55;715
893;1;2;28;11/06/2026;1;177;177
894;5;3;90;12/06/2026;17;133;2261
895;9;3;62;13/06/2026;3;39;117
896;1;2;33;14/06/2026;15;96;1440
897;9;2;85;15/06/2026;4;181;724
898;8;1;35;16/06/2026;4;34;136
899;6;3;52;17/06/2026;18;56;1008
900;7;5;34;18/06/2026;17;142;2414
901;3;2;41;19/06/2026;19;44;836
902;1;2;51;20/06/2026;11;192;2112
903;5;4;47;21/06/2026;3;134;402
904;2;5;82;22/06/2026;8;73;584
905;5;5;58;23/06/2026;14;55;770
906;8;2;75;24/06/2026;1;191;191
907;9;1;57;25/06/2026;14;124;1736
908;2;4;23;26/06/2026;2;113;226
909;3;5;48;27/06/2026;4;169;676
910;3;2;22;28/06/2026;19;161;3059
911;1;5;17;29/06/2026;6;116;696
912;8;4;69;30/06/2026;1;141;141
913;6;4;11;01/07/2026;17;158;2686
914;8;3;94;02/07/2026;8;118;944
915;9;2;15;03/07/2026;19;95;1805
916;5;4;91;04/07/2026;1;187;187
917;3;3;35;05/07/2026;5;160;800
918;5;3;33;06/07/2026;16;151;2416
919;5;5;84;07/07/2026;6;178;1068
920;5;5;16;08/07/2026;8;113;904
921;3;3;34;09/07/2026;13;145;1885
922;10;5;66;10/07/2026;16;145;2320
923;4;4;99;11/07/2026;3;67;201
924;9;1;40;12/07/2026;19;172;3268
925;10;4;28;13/07/2026;12;139;1668
926;9;3;47;14/07/2026;16;75;1200
927;2;3;39;15/07/2026;11;54;594
928;8;4;70;16/07/2026;10;50;500
929;8;5;73;17/07/2026;4;150;600
930;7;5;20;18/07/2026;12;151;1812
931;8;3;1;19/07/2026;2;162;324
932;3;2;72;20/07/2026;19;99;1881
933;6;5;87;21/07/2026;5;142;710
934;1;4;63;22/07/2026;8;136;1088
935;7;5;67;23/07/2026;7;141;987
936;1;4;4;24/07/2026;14;137;1918
937;9;3;58;25/07/2026;3;76;228
938;1;5;25;26/07/2026;18;120;2160
939;1;4;47;27/07/2026;16;47;752
940;7;3;38;28/07/2026;19;178;3382
941;2;2;15;29/07/2026;19;133;2527
942;5;4;63;30/07/2026;18;180;3240
943;8;2;21;31/07/2026;16;69;1104
944;8;2;99;01/08/2026;8;167;1336
945;3;1;57;02/08/2026;1;118;118
946;7;5;53;03/08/2026;17;90;1530
947;3;4;46;04/08/2026;12;34;408
948;6;2;14;05/08/2026;11;151;1661
949;6;1;100;06/08/2026;5;84;420
950;3;3;76;07/08/2026;12;66;792
951;7;4;17;08/08/2026;17;85;1445
952;3;2;39;09/08/2026;6;131;786
953;8;5;9;10/08/2026;1;122;122
954;10;1;99;11/08/2026;5;102;510
955;4;2;77;12/08/2026;14;88;1232
956;1;5;79;13/08/2026;5;31;155
957;4;2;82;14/08/2026;1;133;133
958;7;4;97;15/08/2026;18;80;1440
959;4;4;6;16/08/2026;16;59;944
960;6;4;91;17/08/2026;9;40;360
961;9;1;23;18/08/2026;19;137;2603
962;1;4;59;19/08/2026;5;105;525
963;5;5;91;20/08/2026;2;196;392
964;7;2;98;21/08/2026;15;119;1785
965;1;3;46;22/08/2026;7;152;1064
966;4;5;38;23/08/2026;4;154;616
967;6;5;14;24/08/2026;1;151;151
968;2;4;100;25/08/2026;13;123;1599
969;10;1;72;26/08/2026;7;132;924
970;5;2;62;27/08/2026;15;191;2865
971;10;1;35;28/08/2026;14;60;840
972;1;2;19;29/08/2026;19;81;1539
973;6;2;30;30/08/2026;18;118;2124
974;6;1;78;31/08/2026;10;105;1050
975;4;5;84;01/09/2026;9;158;1422
976;8;2;25;02/09/2026;8;51;408
977;4;1;40;03/09/2026;10;69;690
978;8;2;88;04/09/2026;17;130;2210
979;8;3;14;05/09/2026;2;140;280
980;5;5;26;06/09/2026;6;158;948
981;4;4;87;07/09/2026;5;94;470
982;2;2;22;08/09/2026;9;199;1791
983;3;3;48;09/09/2026;5;178;890
984;3;4;83;10/09/2026;18;108;1944
985;4;4;51;11/09/2026;9;51;459
986;4;2;3;12/09/2026;17;195;3315
987;10;1;42;13/09/2026;17;128;2176
988;5;2;19;14/09/2026;12;37;444
989;4;3;73;15/09/2026;7;46;322
990;10;4;28;16/09/2026;3;46;138
991;8;2;84;17/09/2026;10;119;1190
992;6;1;45;18/09/2026;2;170;340
993;6;2;71;19/09/2026;3;174;522
994;8;5;78;20/09/2026;16;195;3120
995;7;1;63;21/09/2026;2;110;220
996;10;3;73;22/09/2026;10;107;1070
997;10;4;19;23/09/2026;6;35;210
998;8;2;47;24/09/2026;11;192;2112
999;2;1;14;25/09/2026;7;139;973
1000;9;5;38;26/09/2026;15;43;645
