id,gen,name,form,type_1,type_2,hp,atk,def,sp_atk,sp_def,spd,pml,bst_rpg
1,1,bulbasaur,,grass,poison,34,2,2,3,3,5,,49
2,1,ivysaur,,grass,poison,45,3,3,4,4,6,,65
3,1,venusaur,,grass,poison,60,4,4,5,5,8,,86
3,6,venusaur,mega venusaur,grass,poison,60,5,6,6,6,8,,91
4,1,charmander,,fire,,29,3,2,3,3,7,,47
5,1,charmeleon,,fire,,44,3,3,4,3,8,,65
6,1,charizard,,fire,flying,59,4,4,5,4,10,,86
6,6,charizard,mega charizard x,fire,dragon,59,7,6,7,4,10,,93
6,6,charizard,mega charizard y,fire,flying,59,5,4,8,6,10,,92
7,1,squirtle,,water,,33,2,3,3,3,4,,48
8,1,wartortle,,water,,44,3,4,3,4,6,,64
9,1,blastoise,,water,,59,4,5,4,5,8,,85
9,6,blastoise,mega blastoise,water,,59,5,6,7,6,8,,91
10,1,caterpie,,bug,,34,2,2,1,1,5,,45
11,1,metapod,,bug,,38,1,3,1,1,3,,47
12,1,butterfree,,bug,flying,45,2,3,5,4,7,,66
13,1,weedle,,bug,poison,30,2,2,1,1,5,,41
14,1,kakuna,,bug,poison,34,1,3,1,1,4,,44
15,1,beedrill,,bug,poison,49,5,2,2,4,8,,70
15,6,beedrill,mega beedrill,bug,poison,49,8,2,1,4,15,,79
16,1,pidgey,,normal,flying,30,2,2,2,2,6,,44
17,1,pidgeotto,,normal,flying,47,3,3,3,3,7,,66
18,1,pidgeot,,normal,flying,62,4,4,4,4,10,,88
18,6,pidgeot,mega pidgeot,normal,flying,62,4,4,7,4,12,,93
19,1,rattata,,normal,,23,3,2,1,2,7,,38
19,7,rattata,alolan rattata,dark,normal,23,3,2,1,2,7,,38
20,1,raticate,,normal,,41,4,3,3,4,10,,65
20,7,raticate,alolan raticate,dark,normal,56,4,4,2,4,8,,78
21,1,spearow,,normal,flying,30,3,2,2,2,7,,46
22,1,fearow,,normal,flying,49,5,3,3,3,10,,73
23,1,ekans,,poison,,26,3,2,2,3,6,,42
24,1,arbok,,poison,,45,5,3,3,4,8,,68
25,1,pikachu,,electric,,26,3,2,3,3,9,,46
25,7,pikachu,partner pikachu,electric,,34,4,3,4,3,12,,60
26,1,raichu,,electric,,45,5,3,5,4,11,,73
26,7,raichu,alolan raichu,electric,psychic,45,4,3,5,4,11,,72
27,1,sandshrew,,ground,,38,4,4,1,2,4,,53
27,7,sandshrew,alolan sandshrew,ice,steel,38,4,5,1,2,4,,54
28,1,sandslash,,ground,,56,5,6,2,3,7,,79
28,7,sandslash,alolan sandslash,ice,steel,56,5,6,1,3,7,,78
29,1,nidoran,female,poison,,41,2,3,2,2,4,,54
30,1,nidorina,,poison,,53,3,3,3,3,6,,71
31,1,nidoqueen,,poison,ground,68,5,4,4,4,8,,93
32,1,nidoran,male,poison,,35,3,2,2,2,5,,49
33,1,nidorino,,poison,,46,4,3,3,3,7,,66
34,1,nidoking,,poison,ground,61,5,4,4,4,9,,87
35,1,clefairy,,fairy,,53,2,2,3,3,4,,67
36,1,clefable,,fairy,,71,4,4,5,5,6,,95
37,1,vulpix,,fire,,29,2,2,3,3,7,,46
37,7,vulpix,alolan vulpix,ice,,29,2,2,3,3,7,,46
38,1,ninetales,,fire,,55,4,4,4,5,10,,82
38,7,ninetales,alolan ninetales,ice,fairy,55,3,4,4,5,11,,82
39,1,jigglypuff,,normal,fairy,86,2,1,2,1,2,,94
40,1,wigglytuff,,normal,fairy,105,4,2,4,3,5,,123
41,1,zubat,,poison,flying,30,2,2,2,2,6,,44
42,1,golbat,,poison,flying,56,4,4,3,4,9,,80
43,1,oddish,,grass,poison,34,3,3,4,3,3,,50
44,1,gloom,,grass,poison,45,3,4,4,4,4,,64
45,1,vileplume,,grass,poison,56,4,4,6,5,5,,80
46,1,paras,,bug,grass,26,4,3,2,3,3,,41
47,1,parasect,,bug,grass,45,5,4,3,4,3,,64
48,1,venonat,,bug,poison,45,3,3,2,3,5,,61
49,1,venomoth,,bug,poison,53,3,3,5,4,9,,77
50,1,diglett,,ground,,8,3,1,2,2,10,,26
50,7,diglett,alolan diglett,ground,steel,8,3,2,2,2,9,,26
51,1,dugtrio,,ground,,26,5,3,3,4,12,,53
51,7,dugtrio,alolan dugtrio,ground,steel,26,5,3,3,4,11,,52
52,1,meowth,,normal,,30,2,2,2,2,9,,47
52,7,meowth,alolan meowth,dark,,30,2,2,3,2,9,,48
52,8,meowth,galarian meowth,steel,,38,3,3,2,2,4,,52
53,1,persian,,normal,,49,4,3,3,3,12,,74
53,7,persian,alolan persian,dark,,49,3,3,4,3,12,,74
54,1,psyduck,,water,,38,3,2,3,3,6,,55
55,1,golduck,,water,,60,4,4,5,4,9,,86
56,1,mankey,,fighting,,30,4,2,2,2,7,,47
57,1,primeape,,fighting,,49,5,3,3,4,10,,74
58,1,growlithe,,fire,,41,4,2,4,3,6,,60
58,8,growlithe,hisuian growlithe,fire,rock,45,4,2,3,3,6,,63
59,1,arcanine,,fire,,68,6,4,5,4,10,,97
59,8,arcanine,hisuian arcanine,fire,rock,71,6,4,5,4,9,,99
60,1,poliwag,,water,,30,3,2,2,2,9,,48
61,1,poliwhirl,,water,,49,3,3,3,3,9,,70
62,1,poliwrath,,water,fighting,68,5,5,4,5,7,,94
63,1,abra,,psychic,,19,1,1,5,3,9,,38
64,1,kadabra,,psychic,,30,2,2,6,4,11,,55
65,1,alakazam,,psychic,,41,3,2,7,5,12,,70
65,6,alakazam,mega alakazam,psychic,,41,3,3,9,5,15,,76
66,1,machop,,fighting,,53,4,3,2,2,4,,68
67,1,machoke,,fighting,,60,5,4,3,3,5,,80
68,1,machamp,,fighting,,68,7,4,3,4,6,,92
69,1,bellsprout,,grass,poison,38,4,2,4,2,4,,54
70,1,weepinbell,,grass,poison,49,5,3,4,2,6,,69
71,1,victreebel,,grass,poison,60,5,3,5,4,7,,84
72,1,tentacool,,water,poison,30,2,2,3,5,7,,49
73,1,tentacruel,,water,poison,60,4,3,4,6,10,,87
74,1,geodude,,rock,ground,30,4,5,2,2,2,,45
74,7,geodude,alolan geodude,rock,electric,30,4,5,2,2,2,,45
75,1,graveler,,rock,ground,41,5,6,2,2,4,,60
75,7,graveler,alolan graveler,rock,electric,41,5,6,2,2,4,,60
76,1,golem,,rock,ground,60,6,7,3,3,5,,84
76,7,golem,alolan golem,rock,electric,60,6,7,3,3,5,,84
77,1,ponyta,,fire,,38,4,3,3,3,9,,60
77,8,ponyta,galarian ponyta,psychic,,38,4,3,3,3,9,,60
78,1,rapidash,,fire,,49,5,4,4,4,11,,77
78,8,rapidash,galarian rapidash,psychic,fairy,49,5,4,4,4,11,,77
79,1,slowpoke,,water,psychic,68,3,3,2,2,2,,80
79,8,slowpoke,galarian slowpoke,psychic,,68,3,3,2,2,2,,80
80,1,slowbro,,water,psychic,71,4,6,5,4,3,,93
80,6,slowbro,mega slowbro,water,psychic,71,4,9,7,4,3,,98
80,8,slowbro,galarian slowbro,poison,psychic,71,5,5,5,4,3,,93
81,1,magnemite,,electric,steel,19,2,4,5,3,5,,38
82,1,magneton,,electric,steel,38,3,5,6,4,7,,63
83,1,farfetch'd,,normal,flying,39,5,3,3,3,6,,59
83,8,farfetch'd,galarian farfetch'd,fighting,,39,5,3,3,3,6,,59
84,1,doduo,,normal,flying,26,4,2,2,2,8,,44
85,1,dodrio,,normal,flying,45,6,4,3,3,11,,72
86,1,seel,,water,,49,2,3,2,4,5,,65
87,1,dewgong,,water,ice,68,4,4,4,5,7,,92
88,1,grimer,,poison,,60,4,3,2,3,3,,75
88,7,grimer,alolan grimer,poison,dark,60,4,3,2,3,3,,75
89,1,muk,,poison,,79,5,4,3,5,5,,101
89,7,muk,alolan muk,poison,dark,79,5,4,3,5,5,,101
90,1,shellder,,water,,23,3,5,2,1,4,,38
91,1,cloyster,,water,ice,38,5,9,4,2,7,,65
92,1,gastly,,ghost,poison,23,2,2,5,2,8,,42
93,1,haunter,,ghost,poison,34,3,2,6,3,10,,58
94,1,gengar,,ghost,poison,45,3,3,7,4,11,,73
94,6,gengar,mega gengar,ghost,poison,45,3,4,9,5,13,,79
95,1,onix,,rock,ground,26,2,8,2,2,7,,47
96,1,drowzee,,psychic,,45,2,2,2,5,4,,60
97,1,hypno,,psychic,,64,4,4,4,6,7,,89
98,1,krabby,,water,,23,5,5,1,1,5,,40
99,1,kingler,,water,,41,7,6,3,3,8,,68
100,1,voltorb,,electric,,30,2,3,3,3,10,,51
100,8,voltorb,hisuian voltorb,electric,grass,30,2,3,3,3,10,,51
101,1,electrode,,electric,,45,3,4,4,4,15,,75
101,8,electrode,hisuian electrode,electric,grass,45,3,4,4,4,15,,75
102,1,exeggcute,,grass,psychic,45,2,4,3,2,4,,60
103,1,exeggutor,,grass,psychic,71,5,4,6,4,6,,96
103,7,exeggutor,alolan exeggutor,grass,dragon,71,5,4,6,4,5,,95
104,1,cubone,,ground,,38,3,5,2,3,4,,55
105,1,marowak,,ground,,45,4,6,3,4,5,,67
105,7,marowak,alolan marowak,fire,ghost,45,4,6,3,4,5,,67
106,1,hitmonlee,,fighting,,38,6,3,2,6,9,,64
107,1,hitmonchan,,fighting,,38,5,4,2,6,8,,63
108,1,lickitung,,normal,,68,3,4,3,4,3,,85
109,1,koffing,,poison,,30,3,5,3,2,4,,47
110,1,weezing,,poison,,49,5,6,4,4,6,,74
110,8,weezing,galarian weezing,poison,fairy,49,5,6,4,4,6,,74
111,1,rhyhorn,,ground,rock,60,4,5,2,2,3,,76
112,1,rhydon,,ground,rock,79,7,6,2,2,4,,100
113,1,chansey,,normal,,188,0,0,2,5,5,,200
114,1,tangela,,grass,,49,3,6,5,2,6,,71
115,1,kangaskhan,,normal,,79,5,4,2,4,9,,103
115,6,kangaskhan,mega kangaskhan,normal,,79,6,5,3,5,10,,108
116,1,horsea,,water,,23,2,4,4,1,6,,40
117,1,seadra,,water,,41,3,5,5,2,9,,65
118,1,goldeen,,water,,34,3,3,2,3,6,,51
119,1,seaking,,water,,60,5,3,3,4,7,,82
120,1,staryu,,water,,23,2,3,4,3,9,,44
121,1,starmie,,water,psychic,45,4,4,5,4,12,,74
122,1,mr. mime,,psychic,fairy,30,2,3,5,6,9,,55
122,8,mr. mime,galarian mr. mime,ice,psychic,38,3,3,5,5,10,,64
123,1,scyther,,bug,flying,53,6,4,3,4,11,,81
124,1,jynx,,ice,psychic,49,3,2,6,5,10,,75
125,1,electabuzz,,electric,,49,4,3,5,4,11,,76
126,1,magmar,,fire,,49,5,3,5,4,9,,75
127,1,pinsir,,bug,,49,6,5,3,4,9,,76
127,6,pinsir,mega pinsir,bug,flying,49,8,6,3,5,11,,82
128,1,tauros,,normal,,56,5,5,2,4,11,,83
128,9,tauros,combat breed,fighting,,56,6,5,2,4,10,,83
128,9,tauros,blaze breed,fighting,fire,56,6,5,2,4,10,,83
128,9,tauros,aqua breed,fighting,water,56,6,5,2,4,10,,83
129,1,magikarp,,water,,15,1,3,1,1,8,,29
130,1,gyarados,,water,flying,71,6,4,3,5,8,,97
130,6,gyarados,mega gyarados,water,dark,71,8,5,4,7,8,,103
131,1,lapras,,water,ice,98,4,4,4,5,6,,121
132,1,ditto,,normal,,36,2,2,2,2,5,,49
133,1,eevee,,normal,,41,3,3,2,3,6,,58
133,7,eevee,partner eevee,normal,,49,4,4,3,4,8,,72
134,1,vaporeon,,water,,98,3,3,6,5,7,,122
135,1,jolteon,,electric,,49,3,3,6,5,13,,79
136,1,flareon,,fire,,49,7,3,5,6,7,,77
137,1,porygon,,normal,,49,3,4,4,4,4,,68
138,1,omanyte,,rock,water,26,2,5,5,3,4,,45
139,1,omastar,,rock,water,53,3,6,6,4,6,,78
140,1,kabuto,,rock,water,23,4,5,3,2,6,,43
141,1,kabutops,,rock,water,45,6,5,3,4,8,,71
142,1,aerodactyl,,rock,flying,60,5,3,3,4,13,,88
142,6,aerodactyl,mega aerodactyl,rock,flying,60,7,4,4,5,15,,95
143,1,snorlax,,normal,,120,6,3,3,6,3,,141
144,1,articuno,,ice,flying,68,4,5,5,6,9,leg,97
144,8,articuno,galarian articuno,psychic,flying,68,4,4,6,5,10,leg,97
145,1,zapdos,,electric,flying,68,5,4,6,5,10,leg,98
145,8,zapdos,galarian zapdos,fighting,flying,68,6,5,4,5,10,leg,98
146,1,moltres,,fire,flying,68,5,5,6,4,9,leg,97
146,8,moltres,galarian moltres,dark,flying,68,4,5,5,6,9,leg,97
147,1,dratini,,dragon,,31,3,2,3,3,5,psd_leg,47
148,1,dragonair,,dragon,,46,4,3,4,4,7,psd_leg,68
149,1,dragonite,,dragon,flying,68,7,5,5,5,8,psd_leg,98
150,1,mewtwo,,psychic,,80,6,5,8,5,13,leg,117
150,6,mewtwo,mega mewtwo x,psychic,fighting,80,10,5,8,5,13,leg,121
150,6,mewtwo,mega mewtwo y,psychic,,80,8,4,10,6,14,leg,122
151,1,mew,,psychic,,75,5,5,5,5,10,myth,105
152,2,chikorita,,grass,,34,2,3,2,3,5,,49
153,2,bayleef,,grass,,45,3,4,3,4,6,,65
154,2,meganium,,grass,,60,4,5,4,5,8,,86
155,2,cyndaquil,,fire,,29,3,2,3,3,7,,47
156,2,quilava,,fire,,44,3,3,4,3,8,,65
157,2,typhlosion,,fire,,59,4,4,5,4,10,,86
157,8,typhlosion,hisuian typhlosion,fire,ghost,55,4,4,6,4,10,,83
158,2,totodile,,water,,38,3,3,2,2,4,,52
159,2,croconaw,,water,,49,4,4,3,3,6,,69
160,2,feraligatr,,water,,64,5,5,4,4,8,,90
161,2,sentret,,normal,,26,2,2,2,2,2,,36
162,2,furret,,normal,,64,4,3,2,3,9,,85
163,2,hoothoot,,normal,flying,45,2,2,2,3,5,,59
164,2,noctowl,,normal,flying,75,3,3,4,5,7,,97
165,2,ledyba,,bug,flying,30,1,2,2,4,6,,45
166,2,ledian,,bug,flying,41,2,3,3,6,9,,64
167,2,spinarak,,bug,poison,30,3,2,2,2,3,,42
168,2,ariados,,bug,poison,53,5,4,3,4,4,,73
169,2,crobat,,poison,flying,64,5,4,4,4,13,,94
170,2,chinchou,,water,electric,56,2,2,3,3,7,,73
171,2,lanturn,,water,electric,94,3,3,4,4,7,,115
172,2,pichu,,electric,,15,2,1,2,2,6,,28
173,2,cleffa,,fairy,,38,1,1,2,3,2,,47
174,2,igglybuff,,normal,fairy,68,2,1,2,1,2,,76
175,2,togepi,,fairy,,26,1,3,2,3,2,,37
176,2,togetic,,fairy,flying,41,2,4,4,5,4,,60
177,2,natu,,psychic,flying,30,3,2,4,2,7,,48
178,2,xatu,,psychic,flying,49,4,4,5,4,10,,76
179,2,mareep,,electric,,41,2,2,3,2,4,,54
180,2,flaaffy,,electric,,53,3,3,4,3,5,,71
181,2,ampharos,,electric,,68,4,4,6,5,6,,93
181,6,ampharos,mega ampharos,electric,dragon,68,5,5,8,6,5,,97
182,2,bellossom,,grass,,56,4,5,5,5,5,,80
183,2,marill,,water,fairy,53,1,3,1,3,4,,65
184,2,azumarill,,water,fairy,75,3,4,3,4,5,,94
185,2,sudowoodo,,rock,,53,5,6,2,3,3,,72
186,2,politoed,,water,,68,4,4,5,5,7,,93
187,2,hoppip,,grass,flying,26,2,2,2,3,5,,40
188,2,skiploom,,grass,flying,41,2,3,2,3,8,,59
189,2,jumpluff,,grass,flying,56,3,4,3,5,11,,82
190,2,aipom,,normal,,41,4,3,2,3,9,,62
191,2,sunkern,,grass,,23,2,2,2,2,3,,34
192,2,sunflora,,grass,,56,4,3,5,4,3,,75
193,2,yanma,,bug,flying,49,3,2,4,2,10,,70
194,2,wooper,,water,ground,41,2,2,1,1,2,,49
194,9,wooper,paldean wooper,poison,ground,41,2,2,1,1,2,,49
195,2,quagsire,,water,ground,71,4,4,3,3,4,,89
196,2,espeon,,psychic,,49,3,3,7,5,11,,78
197,2,umbreon,,dark,,71,3,6,3,7,7,,97
198,2,murkrow,,dark,flying,45,4,2,4,2,9,,66
199,2,slowking,,water,psychic,71,4,4,5,6,3,,93
199,8,slowking,galarian slowking,poison,psychic,71,3,4,6,6,3,,93
200,2,misdreavus,,ghost,,45,3,3,4,4,9,,68
201,2,unown,,psychic,,36,4,2,4,2,5,,53
202,2,wobbuffet,,psychic,,143,2,3,2,3,3,,156
203,2,girafarig,,normal,psychic,53,4,3,5,3,9,,77
204,2,pineco,,bug,,38,3,5,2,2,2,,52
205,2,forretress,,bug,steel,56,5,7,3,3,4,,78
206,2,dunsparce,,normal,,75,4,4,3,3,5,,94
207,2,gligar,,ground,flying,49,4,5,2,3,9,,72
208,2,steelix,,steel,ground,56,4,10,3,3,3,,79
208,6,steelix,mega steelix,steel,ground,56,6,12,3,5,3,,85
209,2,snubbull,,fairy,,45,4,3,2,2,3,,59
210,2,granbull,,fairy,,68,6,4,3,3,5,,89
211,2,qwilfish,,water,poison,49,5,4,3,3,9,,73
211,8,qwilfish,hisuian qwilfish,dark,poison,49,5,4,3,3,9,,73
212,2,scizor,,bug,steel,53,7,5,3,4,7,,79
212,6,scizor,mega scizor,bug,steel,53,8,7,3,5,8,,84
213,2,shuckle,,bug,rock,15,1,12,1,12,1,,42
214,2,heracross,,bug,fighting,60,6,4,2,5,9,,86
214,6,heracross,mega heracross,bug,fighting,60,9,6,2,5,8,,90
215,2,sneasel,,dark,ice,41,5,3,2,4,12,,67
215,8,sneasel,hisuian sneasel,fighting,poison,41,5,3,2,4,12,,67
216,2,teddiursa,,normal,,45,4,3,3,3,4,,62
217,2,ursaring,,normal,,68,7,4,4,4,6,,93
218,2,slugma,,fire,,30,2,2,4,2,2,,42
219,2,magcargo,,fire,rock,45,3,6,5,4,3,,66
220,2,swinub,,ice,ground,38,3,2,2,2,5,,52
221,2,piloswine,,ice,ground,75,5,4,3,3,5,,95
222,2,corsola,,water,rock,49,3,5,3,5,4,,69
222,8,corsola,galarian corsola,ghost,,45,3,5,3,5,3,,64
223,2,remoraid,,water,,26,3,2,3,2,7,,43
224,2,octillery,,water,,56,5,4,5,4,5,,79
225,2,delibird,,ice,flying,34,3,2,3,2,8,,52
226,2,mantine,,water,flying,64,2,4,4,7,7,,88
227,2,skarmory,,steel,flying,49,4,7,2,4,7,,73
228,2,houndour,,dark,fire,34,3,2,4,3,7,,53
229,2,houndoom,,dark,fire,56,5,3,6,4,10,,84
229,6,houndoom,mega houndoom,dark,fire,56,5,5,7,5,12,,90
230,2,kingdra,,water,dragon,56,5,5,5,5,9,,85
231,2,phanpy,,ground,,68,3,3,2,2,4,,82
232,2,donphan,,ground,,68,6,6,3,3,5,,91
233,2,porygon2,,normal,,64,4,5,5,5,6,,89
234,2,stantler,,normal,,55,5,3,4,3,9,,79
235,2,smeargle,,normal,,41,1,2,1,2,8,,55
236,2,tyrogue,,fighting,,26,2,2,2,2,4,,38
237,2,hitmontop,,fighting,,38,5,5,2,6,7,,63
238,2,smoochum,,ice,psychic,34,2,1,4,3,7,,51
239,2,elekid,,electric,,34,3,2,3,3,10,,55
240,2,magby,,fire,,34,4,2,4,3,8,,55
241,2,miltank,,normal,,71,4,5,2,4,10,,96
242,2,blissey,,normal,,191,1,1,4,7,6,,210
243,2,raikou,,electric,,68,4,4,6,5,12,leg,99
244,2,entei,,fire,,86,6,4,5,4,10,leg,115
245,2,suicune,,water,,75,4,6,5,6,9,leg,105
246,2,larvitar,,rock,ground,38,3,3,2,3,4,psd_leg,53
247,2,pupitar,,rock,ground,53,4,4,3,4,5,psd_leg,73
248,2,tyranitar,,rock,dark,75,7,6,5,5,6,psd_leg,104
248,6,tyranitar,mega tyranitar,rock,dark,75,8,8,5,6,7,psd_leg,109
249,2,lugia,,psychic,flying,80,5,7,5,8,11,leg,116
250,2,ho-oh,,fire,flying,80,7,5,6,8,9,leg,115
251,2,celebi,,psychic,grass,75,5,5,5,5,10,myth,105
252,3,treecko,,grass,,30,2,2,3,3,7,,47
253,3,grovyle,,grass,,38,3,2,4,3,10,,60
254,3,sceptile,,grass,,53,4,3,5,4,12,,81
254,6,sceptile,mega sceptile,grass,dragon,53,6,4,7,4,15,,89
255,3,torchic,,fire,,34,3,2,4,3,5,,51
256,3,combusken,,fire,fighting,45,4,3,4,3,6,,65
257,3,blaziken,,fire,fighting,60,6,4,6,4,8,,88
257,6,blaziken,mega blaziken,fire,fighting,60,8,4,7,4,10,,93
258,3,mudkip,,water,,38,4,3,3,3,4,,55
259,3,marshtomp,,water,ground,53,4,4,3,4,5,,73
260,3,swampert,,water,ground,75,6,5,4,5,6,,101
260,6,swampert,mega swampert,water,ground,75,8,6,5,6,7,,107
261,3,poochyena,,dark,,26,3,2,2,2,4,,39
262,3,mightyena,,dark,,53,5,4,3,3,7,,75
263,3,zigzagoon,,normal,,29,2,2,2,2,6,,43
263,8,zigzagoon,galarian zigzagoon,dark,normal,29,2,2,2,2,6,,43
264,3,linoone,,normal,,59,4,3,3,3,10,,82
264,8,linoone,galarian linoone,dark,normal,59,4,3,3,3,10,,82
265,3,wurmple,,bug,,34,2,2,1,2,2,,43
266,3,silcoon,,bug,,38,2,3,1,1,2,,47
267,3,beautifly,,bug,flying,45,4,3,5,3,7,,67
268,3,cascoon,,bug,,38,2,3,1,1,2,,47
269,3,dustox,,bug,poison,45,3,4,3,5,7,,67
270,3,lotad,,water,grass,30,2,2,2,3,3,,42
271,3,lombre,,water,grass,45,3,3,3,4,5,,63
272,3,ludicolo,,water,grass,60,4,4,5,5,7,,85
273,3,seedot,,grass,,30,2,3,2,2,3,,42
274,3,nuzleaf,,grass,dark,53,4,2,3,2,6,,70
275,3,shiftry,,grass,dark,68,5,3,5,3,8,,92
276,3,taillow,,normal,flying,30,3,2,2,2,9,,48
277,3,swellow,,normal,flying,45,4,3,4,3,13,,72
278,3,wingull,,water,flying,30,2,2,3,2,9,,48
279,3,pelipper,,water,flying,45,3,5,5,4,7,,69
280,3,ralts,,psychic,fairy,21,1,1,2,2,4,,31
281,3,kirlia,,psychic,fairy,29,2,2,3,3,5,,44
282,3,gardevoir,,psychic,fairy,51,3,3,6,6,8,,77
282,6,gardevoir,mega gardevoir,psychic,fairy,51,4,3,8,7,10,,83
283,3,surskit,,bug,water,30,2,2,3,3,7,,47
284,3,masquerain,,bug,flying,53,3,3,5,4,8,,76
285,3,shroomish,,grass,,45,2,3,2,3,4,,59
286,3,breloom,,grass,fighting,45,7,4,3,3,7,,69
287,3,slakoth,,normal,,45,3,3,2,2,3,,58
288,3,vigoroth,,normal,,60,4,4,3,3,9,,83
289,3,slaking,,normal,,113,8,5,5,3,10,,144
290,3,nincada,,bug,ground,23,2,5,2,2,4,,38
291,3,ninjask,,bug,flying,46,5,2,3,3,16,,75
292,3,shedinja,,bug,ghost,1,5,2,2,2,4,,16
293,3,whismur,,normal,,48,3,1,3,1,3,,59
294,3,loudred,,normal,,63,4,2,4,2,5,,80
295,3,exploud,,normal,,78,5,3,5,4,7,,102
296,3,makuhita,,fighting,,54,3,2,1,2,3,,65
297,3,hariyama,,fighting,,108,6,3,2,3,5,,127
298,3,azurill,,normal,fairy,38,1,2,1,2,2,,46
299,3,nosepass,,rock,,23,2,7,2,5,3,,42
300,3,skitty,,normal,,38,2,2,2,2,5,,51
301,3,delcatty,,normal,,53,3,3,3,3,9,,74
302,3,sableye,,dark,ghost,38,4,4,3,3,5,,57
302,6,sableye,mega sableye,dark,ghost,38,4,6,4,6,2,,60
303,3,mawile,,steel,fairy,38,4,4,3,3,5,,57
303,6,mawile,mega mawile,steel,fairy,38,5,6,3,5,5,,62
304,3,aron,,steel,rock,38,4,5,2,2,3,,54
305,3,lairon,,steel,rock,45,5,7,3,3,4,,67
306,3,aggron,,steel,rock,53,6,9,3,3,5,,79
306,6,aggron,mega aggron,steel,,53,7,12,3,4,5,,84
307,3,meditite,,fighting,psychic,23,2,3,2,3,6,,39
308,3,medicham,,fighting,psychic,45,3,4,3,4,8,,67
308,6,medicham,mega medicham,fighting,psychic,45,5,4,4,4,10,,72
309,3,electrike,,electric,,30,2,2,3,2,7,,46
310,3,manectric,,electric,,53,4,3,5,3,11,,79
310,6,manectric,mega manectric,electric,,53,4,4,7,4,14,,86
311,3,plusle,,electric,,45,3,2,4,4,10,,68
312,3,minun,,electric,,45,2,3,4,4,10,,68
313,3,volbeat,,bug,,49,4,4,2,4,9,,72
314,3,illumise,,bug,,49,2,4,4,4,9,,72
315,3,roselia,,grass,poison,38,3,2,5,4,7,,59
316,3,gulpin,,poison,,53,2,3,2,3,4,,67
317,3,swalot,,poison,,75,4,4,4,4,6,,97
318,3,carvanha,,water,dark,34,5,1,3,1,7,,51
319,3,sharpedo,,water,dark,53,6,2,5,2,10,,78
319,6,sharpedo,mega sharpedo,water,dark,53,7,4,6,3,11,,84
320,3,wailmer,,water,,98,4,2,4,2,6,,116
321,3,wailord,,water,,128,5,2,5,2,6,,148
322,3,numel,,fire,ground,45,3,2,3,2,4,,59
323,3,camerupt,,fire,ground,53,5,4,5,4,4,,75
323,6,camerupt,mega camerupt,fire,ground,53,6,5,7,5,2,,78
324,3,torkoal,,fire,,53,4,7,4,4,2,,74
325,3,spoink,,psychic,,45,1,2,4,4,6,,62
326,3,grumpig,,psychic,,60,2,3,5,6,8,,84
327,3,spinda,,normal,,45,3,3,3,3,6,,63
328,3,trapinch,,ground,,34,5,2,2,2,1,,46
329,3,vibrava,,ground,dragon,38,4,3,3,3,7,,58
330,3,flygon,,ground,dragon,60,5,4,4,4,10,,87
331,3,cacnea,,grass,,38,4,2,4,2,4,,54
332,3,cacturne,,grass,dark,53,6,3,6,3,6,,77
333,3,swablu,,normal,flying,34,2,3,2,4,5,,50
334,3,altaria,,dragon,flying,56,4,5,4,5,8,,82
334,6,altaria,mega altaria,dragon,fairy,56,6,6,6,5,8,,87
335,3,zangoose,,normal,,55,6,3,3,3,9,,79
336,3,seviper,,poison,,55,5,3,5,3,7,,78
337,3,lunatone,,rock,psychic,68,3,3,5,4,7,,90
338,3,solrock,,rock,psychic,68,5,4,3,3,7,,90
339,3,barboach,,water,ground,38,2,2,2,2,6,,52
340,3,whiscash,,water,ground,83,4,4,4,4,6,,105
341,3,corphish,,water,,32,4,3,3,2,4,,48
342,3,crawdaunt,,water,dark,47,6,4,5,3,6,,71
343,3,baltoy,,ground,psychic,30,2,3,2,4,6,,47
344,3,claydol,,ground,psychic,45,4,5,4,6,8,,72
345,3,lileep,,rock,grass,50,2,4,3,4,2,,65
346,3,cradily,,rock,grass,65,4,5,4,5,4,,87
347,3,anorith,,rock,bug,34,5,3,2,3,8,,55
348,3,armaldo,,rock,bug,56,6,5,4,4,5,,80
349,3,feebas,,water,,15,1,1,1,3,8,,29
350,3,milotic,,water,,71,3,4,5,6,8,,97
351,3,castform,,normal,,53,4,4,4,4,7,,76
351,3,castform,sunny form,fire,,53,4,4,4,4,7,,76
351,3,castform,rainy form,water,,53,4,4,4,4,7,,76
351,3,castform,snowy form,ice,,53,4,4,4,4,7,,76
352,3,kecleon,,normal,,45,5,4,3,6,4,,67
353,3,shuppet,,ghost,,33,4,2,3,2,5,,49
354,3,banette,,ghost,,48,6,3,4,3,7,,71
354,6,banette,mega banette,ghost,,48,8,4,5,4,8,,77
355,3,duskull,,ghost,,15,2,5,2,5,3,,32
356,3,dusclops,,ghost,,30,4,7,3,7,3,,54
357,3,tropius,,grass,flying,74,3,4,4,4,5,,94
358,3,chimecho,,psychic,,56,3,4,5,5,7,,80
359,3,absol,,dark,,49,7,3,4,3,8,,74
359,6,absol,mega absol,dark,,49,8,3,6,3,12,,81
360,3,wynaut,,psychic,,71,1,2,1,2,2,,79
361,3,snorunt,,ice,,38,3,3,3,3,5,,55
362,3,glalie,,ice,,60,4,4,4,4,8,,84
362,6,glalie,mega glalie,ice,,60,6,4,6,4,10,,90
363,3,spheal,,ice,water,53,2,3,3,3,3,,67
364,3,sealeo,,ice,water,68,3,4,4,4,5,,88
365,3,walrein,,ice,water,83,4,5,5,5,7,,109
366,3,clamperl,,water,,26,3,4,4,3,3,,43
367,3,huntail,,water,,41,5,5,5,4,5,,65
368,3,gorebyss,,water,,41,4,5,6,4,5,,65
369,3,relicanth,,water,rock,75,5,7,2,3,6,,98
370,3,luvdisc,,water,,32,2,3,2,3,10,,52
371,3,bagon,,dragon,,34,4,3,2,2,5,psd_leg,50
372,3,shelgon,,dragon,,49,5,5,3,3,5,psd_leg,70
373,3,salamence,,dragon,flying,71,7,4,6,4,10,psd_leg,102
373,6,salamence,mega salamence,dragon,flying,71,7,7,6,5,12,psd_leg,108
374,3,beldum,,steel,psychic,30,3,4,2,3,3,psd_leg,45
375,3,metang,,steel,psychic,45,4,5,3,4,5,psd_leg,66
376,3,metagross,,steel,psychic,60,7,7,5,5,7,psd_leg,91
376,6,metagross,mega metagross,steel,psychic,60,7,8,5,6,11,psd_leg,97
377,3,regirock,,rock,,60,5,10,3,5,5,leg,88
378,3,regice,,ice,,60,3,5,5,10,5,leg,88
379,3,registeel,,steel,,60,4,8,4,8,5,leg,89
380,3,latias,,dragon,psychic,60,4,5,6,7,11,leg,93
380,6,latias,mega latias,dragon,psychic,60,5,6,7,8,11,leg,97
381,3,latios,,dragon,psychic,60,5,4,7,6,11,leg,93
381,6,latios,mega latios,dragon,psychic,60,7,5,8,6,11,leg,97
382,3,kyogre,,water,,75,5,5,8,7,9,leg,109
382,6,kyogre,primal kyogre,water,,75,8,5,9,8,9,leg,114
383,3,groudon,,ground,,75,8,7,5,5,9,leg,109
383,6,groudon,primal groudon,ground,fire,75,9,8,8,5,9,leg,114
384,3,rayquaza,,dragon,flying,79,8,5,8,5,10,leg,115
384,6,rayquaza,mega rayquaza,dragon,flying,79,9,5,9,5,12,leg,119
385,3,jirachi,,steel,psychic,75,5,5,5,5,10,myth,105
386,3,deoxys,normal forme,psychic,,38,8,3,8,3,15,leg,75
386,3,deoxys,attack forme,psychic,,38,9,1,9,1,15,leg,73
386,3,deoxys,defense forme,psychic,,38,4,8,4,8,9,leg,71
386,3,deoxys,speed forme,psychic,,38,5,5,5,5,18,leg,76
387,4,turtwig,,grass,,41,3,3,2,3,3,,55
388,4,grotle,,grass,,56,4,4,3,3,4,,74
389,4,torterra,,grass,ground,71,5,5,4,4,6,,95
390,4,chimchar,,fire,,33,3,2,3,2,6,,49
391,4,monferno,,fire,fighting,48,4,3,4,3,8,,70
392,4,infernape,,fire,fighting,57,5,4,5,4,11,,86
393,4,piplup,,water,,40,3,3,3,3,4,,56
394,4,prinplup,,water,,48,3,3,4,4,5,,67
395,4,empoleon,,water,steel,63,4,4,6,5,6,,88
396,4,starly,,normal,flying,30,3,2,2,2,6,,45
397,4,staravia,,normal,flying,41,4,3,2,2,8,,60
398,4,staraptor,,normal,flying,64,6,4,3,3,10,,90
399,4,bidoof,,normal,,44,2,2,2,2,3,,55
400,4,bibarel,,normal,water,59,4,3,3,3,7,,79
401,4,kricketot,,bug,,28,1,2,1,2,3,,37
402,4,kricketune,,bug,,58,4,3,3,3,7,,78
403,4,shinx,,electric,,34,3,2,2,2,5,,48
404,4,luxio,,electric,,45,4,2,3,2,6,,62
405,4,luxray,,electric,,60,6,4,5,4,7,,86
406,4,budew,,grass,poison,30,2,2,3,4,6,,47
407,4,roserade,,grass,poison,45,4,3,6,5,9,,72
408,4,cranidos,,rock,,50,6,2,2,2,6,,68
409,4,rampardos,,rock,,73,8,3,3,3,6,,96
410,4,shieldon,,rock,steel,23,2,6,2,4,3,,40
411,4,bastiodon,,rock,steel,45,3,8,2,7,3,,68
412,4,burmy,plant cloak,bug,,30,1,2,1,2,4,,40
412,4,burmy,sandy cloak,bug,,30,1,2,1,2,4,,40
412,4,burmy,trash cloak,bug,,30,1,2,1,2,4,,40
413,4,wormadam,plant cloak,bug,grass,45,3,4,4,5,4,,65
413,4,wormadam,sandy cloak,bug,ground,45,4,5,3,4,4,,65
413,4,wormadam,trash cloak,bug,steel,45,3,5,3,5,4,,65
414,4,mothim,,bug,flying,53,5,3,5,3,7,,76
415,4,combee,,bug,flying,23,2,2,2,2,7,,38
416,4,vespiquen,,bug,flying,53,4,5,4,5,4,,75
417,4,pachirisu,,electric,,45,2,4,2,5,10,,68
418,4,buizel,,water,,41,3,2,3,2,9,,60
419,4,floatzel,,water,,64,5,3,4,3,12,,91
420,4,cherubi,,grass,,34,2,2,3,3,4,,48
421,4,cherrim,,grass,,53,3,4,4,4,9,,77
422,4,shellos,,water,,57,2,2,3,3,3,,70
423,4,gastrodon,,water,ground,83,4,3,5,4,4,,103
424,4,ambipom,,normal,,56,5,3,3,3,12,,82
425,4,drifloon,,ghost,flying,68,3,2,3,2,7,,85
426,4,drifblim,,ghost,flying,113,4,2,5,3,8,,135
427,4,buneary,,normal,,41,3,2,2,3,9,,60
428,4,lopunny,,normal,,49,4,4,3,5,11,,76
428,6,lopunny,mega lopunny,normal,fighting,49,7,5,3,5,14,,83
429,4,mismagius,,ghost,,45,3,3,5,5,11,,72
430,4,honchkrow,,dark,flying,75,6,3,5,3,7,,99
431,4,glameow,,normal,,37,3,2,2,2,9,,55
432,4,purugly,,normal,,53,4,3,3,3,11,,77
433,4,chingling,,psychic,,34,2,3,3,3,5,,50
434,4,stunky,,poison,dark,47,3,2,2,2,7,,63
435,4,skuntank,,poison,dark,77,5,3,4,3,8,,100
436,4,bronzor,,steel,psychic,43,1,4,1,4,2,,55
437,4,bronzong,,steel,psychic,50,4,6,4,6,3,,73
438,4,bonsly,,rock,,38,4,5,1,2,1,,51
439,4,mime jr.,,psychic,fairy,15,1,2,4,5,6,,33
440,4,happiny,,normal,,75,0,0,1,3,3,,82
441,4,chatot,,normal,flying,57,3,2,5,2,9,,78
442,4,spiritomb,,ghost,dark,38,5,5,5,5,4,,62
443,4,gible,,dragon,ground,44,4,2,2,2,4,psd_leg,58
444,4,gabite,,dragon,ground,51,5,3,3,3,8,psd_leg,73
445,4,garchomp,,dragon,ground,81,7,5,4,4,10,psd_leg,111
445,6,garchomp,mega garchomp,dragon,ground,81,9,6,6,5,9,psd_leg,116
446,4,munchlax,,normal,,101,4,2,2,4,1,,114
447,4,riolu,,fighting,,30,4,2,2,2,6,,46
448,4,lucario,,fighting,steel,53,6,4,6,4,9,,82
448,6,lucario,mega lucario,fighting,steel,53,7,4,7,4,11,,86
449,4,hippopotas,,ground,,51,4,4,2,2,3,,66
450,4,hippowdon,,ground,,81,6,6,3,4,5,,105
451,4,skorupi,,poison,bug,30,3,5,2,3,7,,50
452,4,drapion,,poison,dark,53,5,6,3,4,10,,81
453,4,croagunk,,poison,fighting,36,3,2,3,2,5,,51
454,4,toxicroak,,poison,fighting,62,5,3,4,3,9,,86
455,4,carnivine,,grass,,56,5,4,5,4,5,,79
456,4,finneon,,water,,37,2,3,2,3,7,,54
457,4,lumineon,,water,,52,3,4,3,4,9,,75
458,4,mantyke,,water,flying,34,1,3,3,6,5,,52
459,4,snover,,grass,ice,45,3,3,3,3,4,,61
460,4,abomasnow,,grass,ice,68,5,4,5,4,6,,92
460,6,abomasnow,mega abomasnow,grass,ice,68,7,5,7,5,3,,95
461,4,weavile,,dark,ice,53,6,3,2,4,13,,81
462,4,magnezone,,electric,steel,53,4,6,7,5,6,,81
463,4,lickilicky,,normal,,83,4,5,4,5,5,,106
464,4,rhyperior,,ground,rock,86,7,7,3,3,4,,110
465,4,tangrowth,,grass,,75,5,6,6,3,5,,100
466,4,electivire,,electric,,56,6,3,5,4,10,,84
467,4,magmortar,,fire,,56,5,3,6,5,8,,83
468,4,togekiss,,fairy,flying,64,3,5,6,6,8,,92
469,4,yanmega,,bug,flying,65,4,4,6,3,10,,92
470,4,leafeon,,grass,,49,6,7,3,3,10,,78
471,4,glaceon,,ice,,49,3,6,7,5,7,,77
472,4,gliscor,,ground,flying,56,5,6,2,4,10,,83
473,4,mamoswine,,ice,ground,83,7,4,4,3,8,,109
474,4,porygon-z,,normal,,64,4,4,7,4,9,,92
475,4,gallade,,psychic,fighting,51,6,3,3,6,8,,77
475,6,gallade,mega gallade,psychic,fighting,51,8,5,3,6,11,,84
476,4,probopass,,rock,steel,45,3,7,4,8,4,,71
477,4,dusknoir,,ghost,,34,5,7,3,7,5,,61
478,4,froslass,,ice,ghost,53,4,4,4,4,11,,80
479,4,rotom,,electric,ghost,38,3,4,5,4,9,,63
479,4,rotom,heat rotom,electric,fire,38,3,5,5,5,9,,65
479,4,rotom,wash rotom,electric,water,38,3,5,5,5,9,,65
479,4,rotom,frost rotom,electric,ice,38,3,5,5,5,9,,65
479,4,rotom,fan rotom,electric,flying,38,3,5,5,5,9,,65
479,4,rotom,mow rotom,electric,grass,38,3,5,5,5,9,,65
480,4,uxie,,psychic,,56,4,7,4,7,10,leg,88
481,4,mesprit,,psychic,,60,5,5,5,5,8,leg,88
482,4,azelf,,psychic,,56,6,4,6,4,12,leg,88
483,4,dialga,,steel,dragon,75,6,6,8,5,9,leg,109
483,8,dialga,origin forme,steel,dragon,75,5,6,8,6,9,leg,109
484,4,palkia,,water,dragon,68,6,5,8,6,10,leg,103
484,8,palkia,origin forme,water,dragon,68,5,5,8,6,12,leg,104
485,4,heatran,,fire,steel,68,5,5,7,5,8,leg,98
486,4,regigigas,,normal,,83,8,6,4,6,10,leg,117
487,4,giratina,altered forme,ghost,dragon,113,5,6,5,6,9,leg,144
487,4,giratina,origin forme,ghost,dragon,113,6,5,6,5,9,leg,144
488,4,cresselia,,psychic,,90,4,6,4,6,9,leg,119
489,4,phione,,water,,60,4,4,4,4,8,myth,84
490,4,manaphy,,water,,75,5,5,5,5,10,myth,105
491,4,darkrai,,dark,,53,5,5,7,5,13,myth,88
492,4,shaymin,land forme,grass,,75,5,5,5,5,10,myth,105
492,4,shaymin,sky forme,grass,flying,75,5,4,6,4,13,myth,107
493,4,arceus,,normal,,90,6,6,6,6,12,myth,126
494,5,victini,,psychic,fire,75,5,5,5,5,10,myth,105
495,5,snivy,,grass,,34,2,3,2,3,6,,50
496,5,servine,,grass,,45,3,4,3,4,8,,67
497,5,serperior,,grass,,56,4,5,4,5,11,,85
498,5,tepig,,fire,,49,3,2,2,2,5,,63
499,5,pignite,,fire,fighting,68,5,3,4,3,6,,89
500,5,emboar,,fire,fighting,83,6,3,5,3,7,,107
501,5,oshawott,,water,,41,3,2,3,2,5,,56
502,5,dewott,,water,,56,4,3,4,3,6,,76
503,5,samurott,,water,,71,5,4,5,4,7,,96
503,8,samurott,hisuian samurott,water,dark,68,5,4,5,3,9,,94
504,5,patrat,,normal,,34,3,2,2,2,4,,47
505,5,watchog,,normal,,45,4,3,3,3,8,,66
506,5,lillipup,,normal,,34,3,2,1,2,6,,48
507,5,herdier,,normal,,49,4,3,2,3,6,,67
508,5,stoutland,,normal,,64,6,5,2,5,8,,90
509,5,purrloin,,dark,,31,3,2,3,2,7,,48
510,5,liepard,,dark,,48,4,3,4,3,11,,73
511,5,pansage,,grass,,38,3,2,3,2,6,,54
512,5,simisage,,grass,,56,5,3,5,3,10,,82
513,5,pansear,,fire,,38,3,2,3,2,6,,54
514,5,simisear,,fire,,56,5,3,5,3,10,,82
515,5,panpour,,water,,38,3,2,3,2,6,,54
516,5,simipour,,water,,56,5,3,5,3,10,,82
517,5,munna,,psychic,,57,1,2,3,3,2,,68
518,5,musharna,,psychic,,87,3,4,5,5,3,,107
519,5,pidove,,normal,flying,38,3,3,2,2,4,,52
520,5,tranquill,,normal,flying,47,4,3,3,2,7,,66
521,5,unfezant,,normal,flying,60,6,4,3,3,9,,85
522,5,blitzle,,electric,,34,3,2,3,2,8,,52
523,5,zebstrika,,electric,,56,5,3,4,3,12,,83
524,5,roggenrola,,rock,,41,4,4,1,1,2,,53
525,5,boldore,,rock,,53,5,5,3,2,2,,70
526,5,gigalith,,rock,,64,7,7,3,4,3,,88
527,5,woobat,,psychic,flying,49,2,2,3,2,7,,65
528,5,swoobat,,psychic,flying,50,3,3,4,3,11,,74
529,5,drilbur,,ground,,45,4,2,2,2,7,,62
530,5,excadrill,,ground,steel,83,7,3,3,3,9,,108
531,5,audino,,normal,,77,3,4,3,4,5,,96
531,6,audino,mega audino,normal,fairy,77,3,6,4,6,5,,101
532,5,timburr,,fighting,,56,4,3,1,2,4,,70
533,5,gurdurr,,fighting,,64,5,4,2,3,4,,82
534,5,conkeldurr,,fighting,,79,7,5,3,3,5,,102
535,5,tympole,,water,,38,3,2,3,2,6,,54
536,5,palpitoad,,water,ground,56,3,3,3,3,7,,75
537,5,seismitoad,,water,ground,79,5,4,4,4,7,,103
538,5,throh,,fighting,,90,5,4,2,4,5,,110
539,5,sawk,,fighting,,56,6,4,2,4,9,,81
540,5,sewaddle,,bug,grass,34,3,4,2,3,4,,50
541,5,swadloon,,bug,grass,41,3,5,3,4,4,,60
542,5,leavanny,,bug,grass,56,5,4,4,4,9,,82
543,5,venipede,,bug,poison,23,2,3,2,2,6,,38
544,5,whirlipede,,bug,poison,30,3,5,2,4,5,,49
545,5,scolipede,,bug,poison,45,5,4,3,3,11,,71
546,5,cottonee,,grass,fairy,30,1,3,2,3,7,,46
547,5,whimsicott,,grass,fairy,45,3,4,4,4,12,,72
548,5,petilil,,grass,,34,2,3,4,3,3,,49
549,5,lilligant,,grass,,53,3,4,6,4,9,,79
549,8,lilligant,hisuian lilligant,grass,fighting,53,5,4,3,4,11,,80
550,5,basculin,red-striped form,water,,53,5,3,4,3,10,,78
550,5,basculin,blue-striped form,water,,53,5,3,4,3,10,,78
550,8,basculin,white-striped form,water,,53,5,3,4,3,10,,78
551,5,sandile,,ground,dark,38,4,2,2,2,7,,55
552,5,krokorok,,ground,dark,45,4,2,2,2,7,,62
553,5,krookodile,,ground,dark,71,6,4,3,4,9,,97
554,5,darumaka,,fire,,53,5,2,1,2,5,,68
554,8,darumaka,galarian darumaka,ice,,53,5,2,1,2,5,,68
555,5,darmanitan,standard mode,fire,,79,7,3,2,3,10,,104
555,5,darmanitan,zen mode,fire,psychic,79,2,5,7,5,6,,104
555,8,darmanitan,galarian standard mode,ice,,79,7,3,2,3,10,,104
555,8,darmanitan,galarian zen mode,ice,fire,79,8,3,2,3,14,,109
556,5,maractus,,grass,,56,4,3,5,3,6,,77
557,5,dwebble,,bug,rock,38,3,4,2,2,6,,55
558,5,crustle,,bug,rock,53,5,6,3,4,5,,76
559,5,scraggy,,dark,fighting,38,4,4,2,4,5,,57
560,5,scrafty,,dark,fighting,49,5,6,2,6,6,,74
561,5,sigilyph,,psychic,flying,54,3,4,5,4,10,,80
562,5,yamask,,ghost,,29,2,4,3,3,3,,44
562,8,yamask,galarian yamask,ground,ghost,29,3,4,2,3,3,,44
563,5,cofagrigus,,ghost,,44,3,7,5,5,3,,67
564,5,tirtouga,,water,rock,41,4,5,3,2,2,,57
565,5,carracosta,,water,rock,56,5,7,4,3,3,,78
566,5,archen,,rock,flying,41,6,2,4,2,7,,62
567,5,archeops,,rock,flying,56,7,3,6,3,11,,86
568,5,trubbish,,poison,,38,3,3,2,3,7,,56
569,5,garbodor,,poison,,60,5,4,3,4,8,,84
570,5,zorua,,dark,,30,3,2,4,2,7,,48
570,8,zorua,hisuian zorua,normal,ghost,26,3,2,4,2,7,,44
571,5,zoroark,,dark,,45,5,3,6,3,11,,73
571,8,zoroark,hisuian zoroark,normal,ghost,41,5,3,6,3,11,,69
572,5,minccino,,normal,,41,3,2,2,2,8,,58
573,5,cinccino,,normal,,56,5,3,3,3,12,,82
574,5,gothita,,psychic,,34,2,3,3,3,5,,50
575,5,gothorita,,psychic,,45,2,4,4,4,6,,65
576,5,gothitelle,,psychic,,53,3,5,5,6,7,,79
577,5,solosis,,psychic,,34,2,2,5,3,2,,48
578,5,duosion,,psychic,,49,2,3,6,3,3,,66
579,5,reuniclus,,psychic,,83,3,4,6,4,3,,103
580,5,ducklett,,water,flying,47,2,3,2,3,6,,63
581,5,swanna,,water,flying,56,4,3,4,3,10,,80
582,5,vanillite,,ice,,27,3,3,3,3,4,,43
583,5,vanillish,,ice,,38,3,3,4,4,6,,58
584,5,vanilluxe,,ice,,53,5,4,6,5,8,,81
585,5,deerling,,normal,grass,45,3,3,2,3,8,,64
586,5,sawsbuck,,normal,grass,60,5,4,3,4,10,,86
587,5,emolga,,electric,flying,41,4,3,4,3,10,,65
588,5,karrablast,,bug,,38,4,2,2,2,6,,54
589,5,escavalier,,bug,steel,53,7,5,3,5,2,,75
590,5,foongus,,grass,poison,52,3,2,3,3,2,,65
591,5,amoonguss,,grass,poison,86,4,4,4,4,3,,105
592,5,frillish,,water,ghost,41,2,3,3,4,4,,57
593,5,jellicent,,water,ghost,75,3,4,4,5,6,,97
594,5,alomomola,,water,,124,4,4,2,2,7,,143
595,5,joltik,,bug,electric,38,2,3,3,3,7,,56
596,5,galvantula,,bug,electric,53,4,3,5,3,11,,79
597,5,ferroseed,,grass,steel,33,3,5,1,4,1,,47
598,5,ferrothorn,,grass,steel,56,5,7,3,6,2,,79
599,5,klink,,steel,,30,3,4,2,3,3,,45
600,5,klang,,steel,,45,4,5,4,4,5,,67
601,5,klinklang,,steel,,45,5,6,4,4,9,,73
602,5,tynamo,,electric,,26,3,2,2,2,6,,41
603,5,eelektrik,,electric,,49,4,4,4,4,4,,69
604,5,eelektross,,electric,,64,6,4,5,4,5,,88
605,5,elgyem,,psychic,,41,3,3,4,3,3,,57
606,5,beheeyem,,psychic,,56,4,4,6,5,4,,79
607,5,litwick,,ghost,fire,38,2,3,3,3,2,,51
608,5,lampent,,ghost,fire,45,2,3,5,3,6,,64
609,5,chandelure,,ghost,fire,45,3,5,7,5,8,,73
610,5,axew,,dragon,,35,4,3,2,2,6,,52
611,5,fraxure,,dragon,,50,6,4,2,3,7,,72
612,5,haxorus,,dragon,,57,7,5,3,4,10,,86
613,5,cubchoo,,ice,,41,4,2,3,2,4,,56
614,5,beartic,,ice,,71,7,4,4,4,5,,95
615,5,cryogonal,,ice,,60,3,3,5,7,11,,89
616,5,shelmet,,bug,,38,2,4,2,3,3,,52
617,5,accelgor,,bug,,60,4,2,5,3,15,,89
618,5,stunfisk,,ground,electric,82,3,4,4,5,3,,101
618,8,stunfisk,galarian stunfisk,ground,steel,82,4,5,3,4,3,,101
619,5,mienfoo,,fighting,,34,4,3,3,3,7,,54
620,5,mienshao,,fighting,,49,6,3,5,3,11,,77
621,5,druddigon,,dragon,,58,6,5,3,5,5,,82
622,5,golett,,ground,ghost,44,4,3,2,3,4,,60
623,5,golurk,,ground,ghost,67,6,4,3,4,6,,90
624,5,pawniard,,dark,steel,34,4,4,2,2,6,,52
625,5,bisharp,,dark,steel,49,6,5,3,4,7,,74
626,5,bouffalant,,normal,,71,6,5,2,5,6,,95
627,5,rufflet,,normal,flying,53,4,3,2,3,6,,71
628,5,braviary,,normal,flying,75,6,4,3,4,8,,100
628,8,braviary,hisuian braviary,psychic,flying,83,4,4,6,4,7,,108
629,5,vullaby,,dark,flying,53,3,4,2,3,6,,71
630,5,mandibuzz,,dark,flying,83,3,5,3,5,8,,107
631,5,heatmor,,fire,,64,5,3,5,3,7,,87
632,5,durant,,bug,steel,44,5,6,2,2,11,,70
633,5,deino,,dark,dragon,39,3,3,2,3,4,psd_leg,54
634,5,zweilous,,dark,dragon,54,4,4,3,4,6,psd_leg,75
635,5,hydreigon,,dark,dragon,69,5,5,6,5,10,psd_leg,100
636,5,larvesta,,bug,fire,41,4,3,3,3,6,,60
637,5,volcarona,,bug,fire,64,3,3,7,5,10,,92
638,5,cobalion,,steel,fighting,68,5,6,5,4,11,leg,99
639,5,terrakion,,rock,fighting,68,6,5,4,5,11,leg,99
640,5,virizion,,grass,fighting,68,5,4,5,6,11,leg,99
641,5,tornadus,incarnate forme,flying,,59,6,4,6,4,11,leg,90
641,5,tornadus,therian forme,flying,,59,5,4,6,5,12,leg,91
642,5,thundurus,incarnate forme,electric,flying,59,6,4,6,4,11,leg,90
642,5,thundurus,therian forme,electric,flying,59,5,4,7,4,10,leg,89
643,5,reshiram,,dragon,fire,75,6,5,8,6,9,leg,109
644,5,zekrom,,dragon,electric,75,8,6,6,5,9,leg,109
645,5,landorus,incarnate forme,ground,flying,67,6,5,6,4,10,leg,98
645,5,landorus,therian forme,ground,flying,67,7,5,5,4,9,leg,97
646,5,kyurem,,dragon,ice,94,7,5,7,5,10,leg,128
646,5,kyurem,white kyurem,dragon,ice,94,6,5,9,5,10,leg,129
646,5,kyurem,black kyurem,dragon,ice,94,9,5,6,5,10,leg,129
647,5,keldeo,ordinary form,water,fighting,68,4,5,6,5,11,myth,99
647,5,keldeo,resolute form,water,fighting,68,4,5,6,5,11,myth,99
648,5,meloetta,aria forme,normal,psychic,75,4,4,6,6,9,myth,104
648,5,meloetta,pirouette forme,normal,fighting,75,6,5,4,4,13,myth,107
649,5,genesect,,bug,steel,53,6,5,6,5,10,myth,85
650,6,chespin,,grass,,42,3,3,2,2,4,,56
651,6,quilladin,,grass,,46,4,5,3,3,6,,67
652,6,chesnaught,,grass,fighting,66,5,6,4,4,6,,91
653,6,fennekin,,fire,,30,2,2,3,3,6,,46
654,6,braixen,,fire,,44,3,3,5,4,7,,66
655,6,delphox,,fire,psychic,56,3,4,6,5,10,,84
656,6,froakie,,water,,31,3,2,3,2,7,,48
657,6,frogadier,,water,,41,3,3,4,3,10,,64
658,6,greninja,,water,dark,54,5,3,5,4,12,,83
658,7,greninja,ash-greninja,water,dark,54,7,3,8,4,13,,89
659,6,bunnelby,,normal,,29,2,2,2,2,6,,43
660,6,diggersby,,normal,ground,64,3,4,3,4,8,,86
661,6,fletchling,,normal,flying,34,3,2,2,2,6,,49
662,6,fletchinder,,fire,flying,47,4,3,3,3,8,,68
663,6,talonflame,,fire,flying,59,4,4,4,3,13,,87
664,6,scatterbug,,bug,,29,2,2,1,1,4,,39
665,6,spewpa,,bug,,34,1,3,1,2,3,,44
666,6,vivillon,,bug,flying,60,3,3,5,3,9,,83
667,6,litleo,,fire,normal,47,3,3,4,3,7,,67
668,6,pyroar,,fire,normal,65,3,4,5,3,11,,91
669,6,flabébé,,fairy,,33,2,2,3,4,4,,48
670,6,floette,,fairy,,41,2,2,4,5,5,,59
671,6,florges,,fairy,,59,3,3,6,8,8,,87
672,6,skiddo,,grass,,50,3,2,3,3,5,,66
673,6,gogoat,,grass,,92,5,3,5,4,7,,116
674,6,pancham,,fighting,,50,4,3,2,2,4,,65
675,6,pangoro,,fighting,dark,71,6,4,3,4,6,,94
676,6,furfrou,,normal,,56,4,3,3,5,10,,81
677,6,espurr,,psychic,,47,2,3,3,3,7,,65
678,6,meowstic,male,psychic,,56,2,4,4,4,10,,80
678,6,meowstic,female,psychic,,56,2,4,4,4,10,,80
679,6,honedge,,steel,ghost,34,4,5,2,2,3,,50
680,6,doublade,,steel,ghost,44,6,8,2,2,4,,66
681,6,aegislash,shield forme,steel,ghost,45,3,7,3,7,6,,71
681,6,aegislash,blade forme,steel,ghost,45,7,3,7,3,6,,71
682,6,spritzee,,fairy,,59,3,3,3,3,2,,73
683,6,aromatisse,,fairy,,76,4,4,5,4,3,,96
684,6,swirlix,,fairy,,47,2,3,3,3,5,,63
685,6,slurpuff,,fairy,,62,4,4,4,4,7,,85
686,6,inkay,,dark,psychic,40,3,3,2,2,5,,55
687,6,malamar,,dark,psychic,65,5,4,3,4,7,,88
688,6,binacle,,rock,water,32,3,3,2,3,5,,48
689,6,barbaracle,,rock,water,54,5,6,3,4,7,,79
690,6,skrelp,,poison,water,38,3,3,3,3,3,,53
691,6,dragalge,,poison,dragon,49,4,5,5,6,4,,73
692,6,clauncher,,water,,38,3,3,3,3,4,,54
693,6,clawitzer,,water,,53,4,4,6,4,6,,77
694,6,helioptile,,electric,normal,33,2,2,3,2,7,,49
695,6,heliolisk,,electric,normal,47,3,3,5,5,11,,74
696,6,tyrunt,,rock,dragon,44,4,4,2,2,5,,61
697,6,tyrantrum,,rock,dragon,62,6,6,3,3,7,,87
698,6,amaura,,rock,ice,58,3,3,3,3,5,,75
699,6,aurorus,,rock,ice,92,4,4,5,5,6,,116
700,6,sylveon,,fairy,,71,3,3,6,7,6,,96
701,6,hawlucha,,fighting,flying,59,5,4,4,3,12,,87
702,6,dedenne,,electric,fairy,50,3,3,4,3,10,,73
703,6,carbink,,rock,fairy,38,3,8,3,8,5,,65
704,6,goomy,,dragon,,34,3,2,3,4,4,psd_leg,50
705,6,sliggoo,,dragon,,51,4,3,4,6,6,psd_leg,74
705,8,sliggoo,hisuian sliggoo,steel,dragon,44,4,4,4,6,4,psd_leg,66
706,6,goodra,,dragon,,68,5,4,6,8,8,psd_leg,99
706,8,goodra,hisuian goodra,steel,dragon,60,5,5,6,8,6,psd_leg,90
707,6,klefki,,steel,fairy,43,4,5,4,4,8,,68
708,6,phantump,,ghost,grass,32,4,2,3,3,4,,48
709,6,trevenant,,ghost,grass,64,6,4,3,4,6,,87
710,6,pumpkaboo,average size,ghost,grass,37,3,4,2,3,5,,54
710,6,pumpkaboo,small size,ghost,grass,33,3,4,2,3,6,,51
710,6,pumpkaboo,large size,ghost,grass,41,3,4,2,3,5,,58
710,6,pumpkaboo,super size,ghost,grass,44,3,4,2,3,4,,60
711,6,gourgeist,average size,ghost,grass,49,5,6,3,4,8,,75
711,6,gourgeist,small size,ghost,grass,41,4,6,3,4,10,,68
711,6,gourgeist,large size,ghost,grass,56,5,6,3,4,7,,81
711,6,gourgeist,super size,ghost,grass,64,5,6,3,4,5,,87
712,6,bergmite,,ice,,41,3,4,2,2,3,,55
713,6,avalugg,,ice,,71,6,9,2,2,3,,93
713,8,avalugg,hisuian avalugg,ice,rock,71,6,9,2,2,4,,94
714,6,noibat,,flying,dragon,30,2,2,2,2,6,,44
715,6,noivern,,flying,dragon,64,4,4,5,4,12,,93
716,6,xerneas,,fairy,,95,7,5,7,5,10,leg,129
717,6,yveltal,,dark,flying,95,7,5,7,5,10,leg,129
718,6,zygarde50% forme,,dragon,ground,81,5,6,4,5,10,leg,111
718,7,zygarde10% forme,,dragon,ground,41,5,4,3,4,12,leg,69
718,7,zygarde,complete forme,dragon,ground,162,5,6,5,5,9,leg,192
719,6,diancie,,rock,fairy,38,5,8,5,8,5,myth,69
719,6,diancie,mega diancie,rock,fairy,38,8,6,8,6,11,myth,77
720,6,hoopa,hoopa confined,psychic,ghost,60,6,3,8,7,7,myth,91
720,6,hoopa,hoopa unbound,psychic,dark,60,8,3,9,7,8,myth,95
721,6,volcanion,,fire,water,60,6,6,7,5,7,myth,91
722,7,rowlet,,grass,flying,51,3,3,3,3,4,,67
723,7,dartrix,,grass,flying,59,4,4,4,4,5,,80
724,7,decidueye,,grass,ghost,59,5,4,5,5,7,,85
724,8,decidueye,hisuian decidueye,grass,fighting,66,6,4,5,5,6,,92
725,7,litten,,fire,,34,3,2,3,2,7,,51
726,7,torracat,,fire,,49,4,3,4,3,9,,72
727,7,incineroar,,fire,dark,71,6,5,4,5,6,,97
728,7,popplio,,water,,38,3,3,3,3,4,,54
729,7,brionne,,water,,45,3,3,5,4,5,,65
730,7,primarina,,water,fairy,60,4,4,6,6,6,,86
731,7,pikipek,,normal,flying,26,4,2,2,2,7,,43
732,7,trumbeak,,normal,flying,41,4,3,2,3,8,,61
733,7,toucannon,,normal,flying,60,6,4,4,4,6,,84
734,7,yungoos,,normal,,36,4,2,2,2,5,,51
735,7,gumshoos,,normal,,66,6,3,3,3,5,,86
736,7,grubbin,,bug,,35,3,2,3,2,5,,50
737,7,charjabug,,bug,electric,43,4,5,3,4,4,,63
738,7,vikavolt,,bug,electric,58,4,5,7,4,4,,82
739,7,crabrawler,,fighting,,35,4,3,2,2,6,,52
740,7,crabominable,,fighting,ice,73,7,4,3,3,4,,94
741,7,oricorio,baile style,fire,flying,56,4,4,5,4,9,,82
741,7,oricorio,pom-pom style,electric,flying,56,4,4,5,4,9,,82
741,7,oricorio,pa'u style,psychic,flying,56,4,4,5,4,9,,82
741,7,oricorio,sensu style,ghost,flying,56,4,4,5,4,9,,82
742,7,cutiefly,,bug,fairy,30,2,2,3,2,8,,47
743,7,ribombee,,bug,fairy,45,3,3,5,4,12,,72
744,7,rockruff,,rock,,34,3,2,2,2,6,,49
744,7,rockruff,own tempo rockruff,rock,,34,3,2,2,2,6,,49
745,7,lycanroc,midday form,rock,,56,6,3,3,3,11,,82
745,7,lycanroc,midnight form,rock,,64,6,4,3,4,8,,89
745,7,lycanroc,dusk form,rock,,56,6,3,3,3,11,,82
746,7,wishiwashi,solo form,water,,34,1,1,1,1,4,,42
746,7,wishiwashi,school form,water,,34,7,7,7,7,3,,65
747,7,mareanie,,poison,water,38,3,3,2,3,5,,54
748,7,toxapex,,poison,water,38,3,8,3,7,4,,63
749,7,mudbray,,ground,,53,5,4,2,3,5,,72
750,7,mudsdale,,ground,,75,6,5,3,4,4,,97
751,7,dewpider,,water,bug,29,2,3,2,4,3,,43
752,7,araquanid,,water,bug,51,4,5,3,7,4,,74
753,7,fomantis,,grass,,30,3,2,3,2,4,,44
754,7,lurantis,,grass,,53,5,5,4,5,5,,77
755,7,morelull,,grass,fairy,30,2,3,3,4,2,,44
756,7,shiinotic,,grass,fairy,45,2,4,5,5,3,,64
757,7,salandit,,poison,fire,36,2,2,4,2,8,,54
758,7,salazzle,,poison,fire,51,3,3,6,3,12,,78
759,7,stufful,,normal,fighting,53,4,3,2,3,5,,70
760,7,bewear,,normal,fighting,90,6,4,3,3,6,,112
761,7,bounsweet,,grass,,32,2,2,2,2,3,,43
762,7,steenee,,grass,,39,2,2,2,2,6,,53
763,7,tsareena,,grass,,54,6,5,3,5,7,,80
764,7,comfey,,fairy,,38,3,5,4,6,10,,66
765,7,oranguru,,normal,psychic,68,3,4,5,6,6,,92
766,7,passimian,,fighting,,75,6,5,2,3,8,,99
767,7,wimpod,,bug,water,19,2,2,1,2,8,,34
768,7,golisopod,,bug,water,56,6,7,3,5,4,,81
769,7,sandygast,,ghost,ground,41,3,4,4,2,2,,56
770,7,palossand,,ghost,ground,64,4,6,5,4,4,,87
771,7,pyukumuku,,water,,41,3,7,2,7,1,,61
772,7,type: null,,normal,,71,5,5,5,5,6,,97
773,7,silvally,,normal,,71,5,5,5,5,10,,101
774,7,minior,meteor form,rock,flying,45,3,5,3,5,6,,67
774,7,minior,core form,rock,flying,45,5,3,5,3,12,,73
775,7,komala,,normal,,49,6,3,4,5,7,,74
776,7,turtonator,,fire,dragon,45,4,7,5,4,4,,69
777,7,togedemaru,,electric,steel,49,5,3,2,4,10,,73
778,7,mimikyu,,ghost,fairy,41,5,4,3,5,10,,68
779,7,bruxish,,water,psychic,51,5,4,4,4,9,,77
780,7,drampa,,normal,dragon,59,3,4,7,5,4,,82
781,7,dhelmise,,ghost,grass,53,7,5,4,5,4,,78
782,7,jangmo-o,,dragon,,34,3,3,2,2,5,psd_leg,49
783,7,hakamo-o,,dragon,fighting,41,4,5,3,4,7,psd_leg,64
784,7,kommo-o,,dragon,fighting,56,6,6,5,5,9,psd_leg,87
785,7,tapu koko,,electric,fairy,53,6,4,5,4,13,leg,85
786,7,tapu lele,,psychic,fairy,53,4,4,7,6,10,leg,84
787,7,tapu bulu,,grass,fairy,53,7,6,4,5,8,leg,83
788,7,tapu fini,,water,fairy,53,4,6,5,7,9,leg,84
789,7,cosmog,,psychic,,32,1,2,1,2,4,,42
790,7,cosmoem,,psychic,,32,1,7,1,7,4,,52
791,7,solgaleo,,psychic,steel,103,7,5,6,4,10,leg,135
792,7,lunala,,psychic,ghost,103,6,4,7,5,10,leg,135
793,7,nihilego,,rock,poison,82,3,2,6,7,10,,110
794,7,buzzwole,,bug,fighting,80,7,7,3,3,8,,108
795,7,pheromosa,,bug,fighting,53,7,2,7,2,15,,86
796,7,xurkitree,,electric,,62,4,4,9,4,8,,91
797,7,celesteela,,steel,flying,73,5,5,5,5,6,,99
798,7,kartana,,grass,steel,44,9,7,3,2,11,,76
799,7,guzzlord,,dark,dragon,167,5,3,5,3,4,,187
800,7,necrozma,,psychic,,73,5,5,6,4,8,leg,101
800,7,necrozma,dusk mane necrozma,psychic,steel,73,8,6,6,5,8,leg,106
800,7,necrozma,dawn wings necrozma,psychic,ghost,73,6,5,8,6,8,leg,106
800,7,necrozma,ultra necrozma,psychic,dragon,73,8,5,8,5,13,leg,112
801,7,magearna,,steel,fairy,60,5,6,7,6,7,myth,91
802,7,marshadow,,fighting,ghost,68,6,4,5,5,13,myth,101
803,7,poipole,,poison,,50,4,3,4,3,7,,71
804,7,naganadel,,poison,dragon,55,4,4,6,4,12,,85
805,7,stakataka,,rock,steel,46,7,11,3,5,1,,73
806,7,blacephalon,,fire,ghost,40,6,3,8,4,11,,72
807,7,zeraora,,electric,,66,6,4,5,4,14,myth,99
808,7,meltan,,steel,,35,3,3,3,2,3,,49
809,7,melmetal,,steel,,101,7,7,4,3,3,,125
810,8,grookey,,grass,,38,3,3,2,2,7,,55
811,8,thwackey,,grass,,53,4,4,3,3,8,,75
812,8,rillaboom,,grass,,75,6,5,3,4,9,,102
813,8,scorbunny,,fire,,38,4,2,2,2,7,,55
814,8,raboot,,fire,,49,4,3,3,3,9,,71
815,8,cinderace,,fire,,60,6,4,3,4,12,,89
816,8,sobble,,water,,38,2,2,4,2,7,,55
817,8,drizzile,,water,,49,3,3,5,3,9,,72
818,8,inteleon,,water,,53,4,3,6,3,12,,81
819,8,skwovet,,normal,,53,3,3,2,2,3,,66
820,8,greedent,,normal,,90,5,5,3,4,2,,109
821,8,rookidee,,flying,,29,2,2,2,2,6,,43
822,8,corvisquire,,flying,,51,3,3,2,3,8,,70
823,8,corviknight,,flying,steel,74,4,5,3,4,7,,97
824,8,blipbug,,bug,,19,1,1,1,2,5,,29
825,8,dottler,,bug,psychic,38,2,4,3,5,3,,55
826,8,orbeetle,,bug,psychic,45,2,6,4,6,9,,72
827,8,nickit,,dark,,30,1,1,2,3,5,,42
828,8,thievul,,dark,,53,3,3,4,5,9,,77
829,8,gossifleur,,grass,,30,2,3,2,3,1,,41
830,8,eldegoss,,grass,,45,3,5,4,6,6,,69
831,8,wooloo,,normal,,32,2,3,2,2,5,,46
832,8,dubwool,,normal,,54,4,5,3,5,9,,80
833,8,chewtle,,water,,38,3,3,2,2,4,,52
834,8,drednaw,,water,rock,68,6,5,2,3,7,,91
835,8,yamper,,electric,,44,2,3,2,3,3,,57
836,8,boltund,,electric,,52,5,3,5,3,12,,80
837,8,rolycoly,,rock,,23,2,3,2,3,3,,36
838,8,carkol,,rock,fire,60,3,5,3,4,5,,80
839,8,coalossal,,rock,fire,83,4,6,4,5,3,,105
840,8,applin,,grass,dragon,30,2,4,2,2,2,,42
841,8,flapple,,grass,dragon,53,6,4,5,3,7,,78
842,8,appletun,,grass,dragon,83,4,4,5,4,3,,103
843,8,silicobra,,ground,,39,3,4,2,3,5,,56
844,8,sandaconda,,ground,,54,5,6,3,4,7,,79
845,8,cramorant,,flying,water,53,4,3,4,5,9,,78
846,8,arrokuda,,water,,31,3,2,2,2,7,,47
847,8,barraskewda,,water,,46,6,3,3,3,14,,75
848,8,toxel,,electric,poison,30,2,2,3,2,4,,43
849,8,toxtricity,amped form,electric,poison,56,5,4,6,4,8,,83
849,8,toxtricity,low key form,electric,poison,56,5,4,6,4,8,,83
850,8,sizzlipede,,fire,bug,38,3,2,3,3,5,,54
851,8,centiskorch,,fire,bug,75,6,3,5,5,7,,101
852,8,clobbopus,,fighting,,38,3,3,3,3,3,,53
853,8,grapploct,,fighting,,60,6,5,4,4,4,,83
854,8,sinistea,,ghost,,30,2,2,4,3,5,,46
855,8,polteageist,,ghost,,45,3,3,7,6,7,,71
856,8,hatenna,,psychic,,32,2,2,3,3,4,,46
857,8,hattrem,,psychic,,43,2,3,4,4,5,,61
858,8,hatterene,,psychic,fairy,43,5,5,7,5,3,,68
859,8,impidimp,,dark,fairy,34,2,2,3,2,5,,48
860,8,morgrem,,dark,fairy,49,3,2,4,3,7,,68
861,8,grimmsnarl,,dark,fairy,71,6,3,5,4,6,,95
862,8,obstagoon,,dark,normal,70,5,5,3,4,10,,97
863,8,perrserker,,steel,,53,6,5,3,3,5,,75
864,8,cursola,,ghost,,45,5,3,7,7,3,,70
865,8,sirfetch'd,,fighting,,47,7,5,3,4,7,,73
866,8,mr. rime,,ice,psychic,60,4,4,6,5,7,,86
867,8,runerigus,,ground,ghost,44,5,7,3,5,3,,67
868,8,milcery,,fairy,,34,2,2,3,3,3,,47
869,8,alcremie,,fairy,,49,3,4,6,6,6,,74
870,8,falinks,,fighting,,49,5,5,4,3,8,,74
871,8,pincurchin,,electric,,36,5,5,5,4,2,,57
872,8,snom,,ice,bug,23,1,2,2,2,2,,32
873,8,frosmoth,,ice,bug,53,3,3,6,5,7,,77
874,8,stonjourner,,rock,,75,6,7,1,1,7,,97
875,8,eiscue,ice face,ice,,56,4,6,3,5,5,,79
875,8,eiscue,noice face,ice,,56,4,4,3,3,13,,83
876,8,indeedee,male,psychic,normal,45,3,3,5,5,10,,71
876,8,indeedee,female,psychic,normal,53,3,3,5,5,9,,78
877,8,morpeko,full belly mode,electric,dark,44,5,3,4,3,10,,69
877,8,morpeko,hangry mode,electric,dark,44,5,3,4,3,10,,69
878,8,cufant,,steel,,54,4,2,2,2,4,,68
879,8,copperajah,,steel,,92,7,3,4,3,3,,112
880,8,dracozolt,,electric,dragon,68,5,5,4,4,8,,94
881,8,arctozolt,,electric,ice,68,5,5,5,4,6,,93
882,8,dracovish,,water,dragon,68,5,5,4,4,8,,94
883,8,arctovish,,water,ice,68,5,5,4,5,6,,93
884,8,duraludon,,steel,dragon,53,5,6,6,3,9,,82
885,8,dreepy,,dragon,ghost,21,3,2,2,2,8,psd_leg,38
886,8,drakloak,,dragon,ghost,51,4,3,3,3,10,psd_leg,74
887,8,dragapult,,dragon,ghost,66,6,4,5,4,14,psd_leg,99
888,8,zacian,hero of many battles,fairy,,69,6,6,4,6,14,leg,105
888,8,zacian,crowned sword,fairy,steel,69,8,6,4,6,15,leg,108
889,8,zamazenta,hero of many battles,fighting,,69,6,6,4,6,14,leg,105
889,8,zamazenta,crowned shield,fighting,steel,69,6,7,4,7,13,leg,106
890,8,eternatus,,poison,dragon,105,4,5,7,5,13,leg,139
890,8,eternatus,eternamax,poison,dragon,191,6,13,6,13,13,leg,242
891,8,kubfu,,fighting,,45,5,3,3,3,7,leg,66
892,8,urshifu,single strike style,fighting,dark,75,7,5,3,3,10,leg,103
892,8,urshifu,rapid strike style,fighting,water,75,7,5,3,3,10,leg,103
893,8,zarude,,dark,grass,79,6,5,4,5,11,myth,110
894,8,regieleki,,electric,,60,5,3,5,3,20,leg,96
895,8,regidrago,,dragon,,150,5,3,5,3,8,leg,174
896,8,glastrier,,ice,,75,7,7,3,6,3,,101
897,8,spectrier,,ghost,,75,3,3,7,4,13,,105
898,8,calyrex,,psychic,grass,75,4,4,4,4,8,myth,99
898,8,calyrex,ice rider,psychic,ice,75,8,8,4,7,5,myth,107
898,8,calyrex,shadow rider,psychic,ghost,75,4,4,8,5,15,myth,111
899,8,wyrdeer,,normal,psychic,77,5,4,5,4,7,,102
900,8,kleavor,,bug,rock,53,7,5,2,4,9,,80
901,8,ursaluna,,ground,normal,98,7,5,2,4,5,,121
901,9,ursaluna,bloodmoon,ground,normal,85,4,6,7,3,5,,110
902,8,basculegion,male,water,ghost,90,6,3,4,4,8,,115
902,8,basculegion,female,water,ghost,90,5,3,5,4,8,,115
903,8,sneasler,,fighting,poison,60,7,3,2,4,12,,88
904,8,overqwil,,dark,poison,64,6,5,3,3,9,,90
905,8,enamorus,incarnate forme,fairy,flying,56,6,4,7,4,11,,88
905,8,enamorus,therian forme,fairy,flying,56,6,6,7,5,5,,85
906,9,sprigatito,,grass,,30,3,3,2,2,7,,47
907,9,floragato,,grass,,46,4,3,3,3,8,,67
908,9,meowscarada,,grass,dark,57,6,4,4,4,12,,87
909,9,fuecoco,,fire,,50,2,3,3,2,4,,64
910,9,crocalor,,fire,,61,3,4,5,3,5,,81
911,9,skeledirge,,fire,ghost,78,4,5,6,4,7,,104
912,9,quaxly,,water,,41,3,2,3,2,5,,56
913,9,quaxwell,,water,,53,4,3,3,3,7,,73
914,9,quaquaval,,water,fighting,64,6,4,4,4,9,,91
915,9,lechonk,,normal,,41,2,2,2,2,4,,53
916,9,oinkologne,male,normal,,83,5,4,3,4,7,,106
916,9,oinkologne,female,normal,,86,5,4,3,5,7,,110
917,9,tarountula,,bug,,26,2,2,1,2,2,,35
918,9,spidops,,bug,,45,4,5,3,4,4,,65
919,9,nymble,,bug,,25,2,2,1,1,5,,36
920,9,lokix,,bug,dark,53,5,4,3,3,9,,77
921,9,pawmi,,electric,,34,3,1,2,1,6,,47
922,9,pawmo,,electric,fighting,45,4,2,3,2,9,,65
923,9,pawmot,,electric,fighting,53,6,4,4,3,11,,81
924,9,tandemaus,,normal,,38,3,2,2,2,8,,55
925,9,maushold,family of four,normal,,56,4,4,3,4,11,,82
925,9,maushold,family of three,normal,,56,4,4,3,4,11,,82
926,9,fidough,,fairy,,28,3,4,2,3,7,,47
927,9,dachsbun,,fairy,,43,4,6,3,4,10,,70
928,9,smoliv,,grass,normal,31,2,2,3,3,3,,44
929,9,dolliv,,grass,normal,39,3,3,4,4,3,,56
930,9,arboliva,,grass,normal,59,3,5,6,5,4,,82
931,9,squawkabilly,green plumage,normal,flying,62,5,3,2,3,9,,84
931,9,squawkabilly,blue plumage,normal,flying,62,5,3,2,3,9,,84
931,9,squawkabilly,yellow plumage,normal,flying,62,5,3,2,3,9,,84
931,9,squawkabilly,white plumage,normal,flying,62,5,3,2,3,9,,84
932,9,nacli,,rock,,41,3,4,2,2,3,,55
933,9,naclstack,,rock,,45,3,5,2,3,4,,62
934,9,garganacl,,rock,,75,5,7,2,5,4,,98
935,9,charcadet,,fire,,30,3,2,3,2,4,,44
936,9,armarouge,,fire,psychic,64,3,5,6,4,8,,90
937,9,ceruledge,,fire,ghost,56,6,4,3,5,9,,83
938,9,tadbulb,,electric,,46,2,2,3,2,5,,60
939,9,bellibolt,,electric,,82,3,5,5,4,5,,104
940,9,wattrel,,electric,flying,30,2,2,3,2,7,,46
941,9,kilowattrel,,electric,flying,53,4,3,5,3,13,,81
942,9,maschiff,,dark,,45,4,3,2,3,5,,62
943,9,mabosstiff,,dark,,60,6,5,3,4,9,,87
944,9,shroodle,,poison,normal,30,3,2,2,2,8,,47
945,9,grafaiai,,poison,normal,47,5,3,4,4,11,,74
946,9,bramblin,,grass,ghost,30,3,2,2,2,6,,45
947,9,brambleghast,,grass,ghost,41,6,4,4,4,9,,68
948,9,toedscool,,ground,grass,30,2,2,3,5,7,,49
949,9,toedscruel,,ground,grass,60,4,3,4,6,10,,87
950,9,klawf,,rock,,53,5,6,2,3,8,,77
951,9,capsakid,,grass,,38,3,2,3,2,5,,53
952,9,scovillain,,grass,fire,49,5,3,5,3,8,,73
953,9,rellor,,bug,,31,3,3,2,3,3,,45
954,9,rabsca,,bug,psychic,56,3,4,6,5,5,,79
955,9,flittle,,psychic,,23,2,2,3,2,8,,40
956,9,espathra,,psychic,,71,3,3,5,3,11,,96
957,9,tinkatink,,fairy,steel,38,2,2,2,3,6,,53
958,9,tinkatuff,,fairy,steel,49,3,3,2,4,8,,69
959,9,tinkaton,,fairy,steel,64,4,4,4,5,9,,90
960,9,wiglett,,water,,8,3,1,2,1,10,,25
961,9,wugtrio,,water,,26,5,3,3,4,12,,53
962,9,bombirdier,,flying,dark,53,5,4,3,4,8,,77
963,9,finizen,,water,,53,2,2,2,2,8,,69
964,9,palafin,zero form,water,,75,4,4,3,3,10,,99
964,9,palafin,hero form,water,,75,8,5,5,4,10,,107
965,9,varoom,,steel,poison,34,4,3,2,2,5,,50
966,9,revavroom,,steel,poison,60,6,5,3,3,9,,86
967,9,cyclizar,,dragon,normal,53,5,3,4,3,12,,80
968,9,orthworm,,steel,,53,4,7,3,3,7,,77
969,9,glimmet,,rock,poison,36,2,2,5,3,6,,54
970,9,glimmora,,rock,poison,62,3,5,7,4,9,,90
971,9,greavard,,ghost,,38,3,3,2,3,3,,52
972,9,houndstone,,ghost,,54,5,5,3,5,7,,79
973,9,flamigo,,flying,fighting,62,6,4,4,3,9,,88
974,9,cetoddle,,ice,,81,3,2,2,2,4,,94
975,9,cetitan,,ice,,128,6,3,2,3,7,,149
976,9,veluza,,water,psychic,68,5,4,4,3,7,,91
977,9,dondozo,,water,,113,5,6,3,3,4,,134
978,9,tatsugiri,curly form,dragon,water,51,3,3,6,5,8,,76
978,9,tatsugiri,droopy form,dragon,water,51,3,3,6,5,8,,76
978,9,tatsugiri,stretchy form,dragon,water,51,3,3,6,5,8,,76
979,9,annihilape,,fighting,ghost,83,6,4,3,5,9,,110
980,9,clodsire,,poison,ground,98,4,3,2,5,2,,114
981,9,farigiraf,,normal,psychic,90,5,4,6,4,6,,115
982,9,dudunsparce,two-segment form,normal,,94,5,4,4,4,6,,117
982,9,dudunsparce,three-segment form,normal,,94,5,4,4,4,6,,117
983,9,kingambit,,dark,steel,75,7,6,3,4,5,,100
984,9,great tusk,,ground,fighting,86,7,7,3,3,9,,115
985,9,scream tail,,fairy,psychic,86,3,5,3,6,11,,114
986,9,brute bonnet,,grass,dark,83,6,5,4,5,6,,109
987,9,flutter mane,,ghost,fairy,41,3,3,7,7,14,,75
988,9,slither wing,,bug,fighting,64,7,4,4,5,8,,92
989,9,sandy shocks,,electric,ground,64,4,5,6,4,10,,93
990,9,iron treads,,ground,steel,68,6,6,4,4,11,,99
991,9,iron bundle,,ice,water,42,4,6,6,3,14,,75
992,9,iron hands,,fighting,electric,116,7,5,3,3,5,,139
993,9,iron jugulis,,dark,flying,71,4,4,6,4,11,,100
994,9,iron moth,,fire,poison,60,4,3,7,6,11,,91
995,9,iron thorns,,rock,electric,75,7,6,4,4,7,,103
996,9,frigibax,,dragon,ice,49,4,2,2,2,6,psd_leg,65
997,9,arctibax,,dragon,ice,68,5,3,2,3,6,psd_leg,87
998,9,baxcalibur,,dragon,ice,86,7,5,4,4,9,psd_leg,115
999,9,gimmighoul,chest form,ghost,,34,2,4,4,4,1,,49
999,9,gimmighoul,roaming form,ghost,,34,2,1,4,2,8,,51
1000,9,gholdengo,,steel,ghost,65,3,5,7,5,8,,93
1001,9,wo-chien,,dark,grass,64,4,5,5,7,7,myth,92
1002,9,chien-pao,,dark,ice,60,6,4,5,3,14,,92
1003,9,ting-lu,,dark,ground,116,6,6,3,4,5,myth,140
1004,9,chi-yu,,dark,fire,41,4,4,7,6,10,myth,72
1005,9,roaring moon,,dragon,dark,79,7,4,3,5,12,,110
1006,9,iron valiant,,fairy,fighting,56,7,5,6,3,12,,89
1007,9,koraidon,,fighting,dragon,75,7,6,4,5,14,myth,111
1008,9,miraidon,,electric,dragon,75,4,5,7,6,14,myth,111
1009,9,walking wake,,water,dragon,74,4,5,6,4,11,myth,104
1010,9,iron leaves,,grass,psychic,68,7,4,4,5,10,,98
1011,9,dipplin,,grass,dragon,60,4,6,5,4,4,,83
1012,9,poltchageist,,grass,ghost,30,2,2,4,3,5,,46
1013,9,sinistcha,,grass,ghost,53,3,5,6,4,7,,78
1014,9,okidogi,,poison,fighting,66,6,6,3,4,8,,93
1015,9,munkidori,,poison,psychic,66,4,3,7,5,11,,96
1016,9,fezandipiti,,poison,fairy,66,5,4,4,6,10,,95
1017,9,ogerpon,teal mask,grass,,60,6,4,3,5,11,,89
1017,9,ogerpon,wellspring mask,grass,water,60,6,4,3,5,11,,89
1017,9,ogerpon,hearthflame mask,grass,fire,60,6,4,3,5,11,,89
1017,9,ogerpon,cornerstone mask,grass,rock,60,6,4,3,5,11,,89
1018,9,archaludon,,steel,dragon,68,5,7,6,3,9,,98
1019,9,hydrapple,,grass,dragon,80,4,6,6,4,4,,104
1020,9,gouging fire,,fire,dragon,79,6,6,3,5,9,,108
1021,9,raging bolt,,electric,dragon,94,4,5,7,4,8,,122
1022,9,iron boulder,,rock,psychic,68,6,4,3,5,12,,98
1023,9,iron crown,,steel,psychic,68,4,5,6,5,10,,98
1024,9,terapagos,normal form,normal,,68,3,4,3,4,6,,88
1024,9,terapagos,terastal form,normal,,71,5,6,5,6,9,,102
1024,9,terapagos,stellar form,normal,,120,5,6,7,6,9,,153
1025,9,pecharunt,,poison,ghost,66,4,8,4,4,9,,95
