id_cliente,nome,email,telefone,data_nascimento,data_cadastro,renda,categoria,compras,renda_anual,idade,score_cliente,faixa_renda,categoria_cliente
1,Henrique Silva,henrique@email.com,(00) 00000-0000,2007-08-05,2017-10-23,69.0,Premium,28,828.0,18,0.35,Baixa,Bronze
2,Otávio Gomes,otávio@email.com,(00) 00000-0000,2011-07-15,2001-11-03,57596.0,Gold,26,691152.0,14,0.42,Alta,Regular
3,Isabela Freitas,isabela@email.com,(00) 00000-0000,2002-07-31,2013-02-08,6875.0,Premium,35,82500.0,23,0.46,Média,Regular
4,Silvia Alves,silvia@email.com,(00) 00000-0000,2014-05-11,2001-07-20,6875.0,Basic,44,82500.0,12,0.45,Média,Regular
5,Beatriz Santos,beatriz@email.com.br,(24) 2433-3390,2005-11-05,2002-07-24,93796.0,Gold,28,1125552.0,20,0.56,Alta,Regular
6,Xuxa Gomes,xuxa@email.com,(00) 00000-0000,2009-04-18,2013-08-11,6875.0,Não informado,28,82500.0,17,0.36,Média,Bronze
7,Patrícia Silva,patrícia@empresa.com,(00) 00000-0000,2013-08-17,2003-12-04,268.0,Diamond,10,3216.0,12,0.16,Baixa,Bronze
8,Thiago Souza,thiago@empresa.com,(00) 00000-0000,2019-04-09,2017-09-30,6875.0,Platinum,28,82500.0,7,0.29,Média,Bronze
9,Karina Dias,karina@email.com,(82) 97795-5536,2014-04-06,2021-11-05,6875.0,Não informado,17,82500.0,12,0.23,Média,Bronze
10,Beatriz Campos,beatriz@email.com,(00) 00000-0000,2015-11-29,2021-09-03,6875.0,Platinum,2,82500.0,10,0.1,Média,Bronze
11,Felipe Ferreira,felipe@email.com,(63) 48899-2570,2017-01-15,2000-06-28,169822.0,Diamond,28,2037864.0,9,0.63,Alta,Regular
12,Silvia Almeida,silvia@email.com,(22) 51444-9548,1999-06-07,2019-04-14,7055.0,Premium,28,84660.0,26,0.43,Média,Regular
13,Zeca Lima,zeca@email.com,(31) 8643-3097,2017-07-12,2018-06-06,13773.0,Basic,3,165276.0,8,0.1,Alta,Bronze
14,Ana Santos,ana@email.com,(11) 99143-9979,2019-12-18,2008-03-01,6875.0,Platinum,28,82500.0,6,0.28,Média,Bronze
15,Alberto Gomes,alberto@email.com,(58) 43622-6032,2013-08-28,2011-04-14,330.0,Platinum,28,3960.0,12,0.31,Baixa,Bronze
16,Wagner Campos,wagner@email.com,(85) 4816-6225,2010-09-24,2002-12-27,89354.0,Premium,30,1072248.0,15,0.53,Alta,Regular
17,Eduardo Santos,eduardo@email.com,(19) 88872-9478,1999-03-22,2006-03-08,6875.0,Diamond,28,82500.0,27,0.43,Média,Regular
18,Xuxa Santos,xuxa@empresa.com,(00) 00000-0000,1999-11-26,2020-10-30,6875.0,Basic,33,82500.0,26,0.47,Média,Regular
19,Daniel Rodrigues,desconhecido@email.com,(00) 00000-0000,2016-11-11,2014-04-09,1585.0,Gold,28,19020.0,9,0.29,Baixa,Bronze
20,Yasmin Carvalho,yasmin@email.com,(00) 00000-0000,2006-05-18,2021-08-05,12565.0,Diamond,28,150780.0,19,0.39,Alta,Bronze
21,Yasmin Lima,yasmin@email.com,(00) 00000-0000,2021-08-05,2012-11-08,198966.0,Premium,26,2387592.0,4,0.63,Alta,Regular
22,Carlos Freitas,carlos@email.com.br,(31) 29002-1084,2006-04-24,2010-07-21,483.0,Premium,28,5796.0,20,0.37,Baixa,Bronze
23,Thiago Almeida,thiago@email.com,(84) 71124-9564,2023-10-03,2017-12-15,382.0,Platinum,28,4584.0,2,0.24,Baixa,Bronze
24,Bruno Santos,bruno@email.com,(00) 00000-0000,2005-12-09,2012-11-08,148085.0,Gold,17,1777020.0,20,0.58,Alta,Regular
25,Lucas Lima,lucas@email.com,(00) 00000-0000,1999-07-08,2013-02-14,6875.0,Gold,2,82500.0,26,0.21,Média,Bronze
26,Vanessa Oliveira,vanessa@email.com.br,(11) 90443-4895,2025-07-18,1999-04-29,6875.0,Premium,42,82500.0,0,0.35,Média,Bronze
27,Otávio Barbosa,otávio@email.com,(58) 58070-6349,2017-11-18,2023-05-10,5366.0,Platinum,26,64392.0,8,0.27,Média,Bronze
28,Karina Souza,karina@email.com,(86) 84102-2028,2017-10-05,2014-05-19,68560.0,Gold,28,822720.0,8,0.42,Alta,Regular
29,Alberto Ribeiro,alberto@empresa.com,(46) 11514-8557,2014-05-11,2025-11-28,6875.0,Gold,28,82500.0,12,0.32,Média,Bronze
30,João Carvalho,joão@email.com,(48) 4035-7767,2022-10-18,2012-11-08,6875.0,Basic,28,82500.0,3,0.26,Média,Bronze
31,Gabriela Campos,desconhecido@email.com,(00) 00000-0000,2014-05-11,2020-06-14,6875.0,Outros,28,82500.0,12,0.32,Média,Bronze
32,Úrsula Ribeiro,desconhecido@email.com,(15) 75685-3501,2011-03-17,2006-06-15,8491.0,Platinum,28,101892.0,15,0.35,Alta,Bronze
33,Rafael Oliveira,rafael@email.com,(11) 88872-7814,2007-05-08,2009-05-02,83701.0,Premium,28,1004412.0,19,0.53,Alta,Regular
34,Otávio Barbosa,otávio@email.com.br,(11) 56958-4533,2004-02-05,2021-02-22,6875.0,Premium,28,82500.0,22,0.4,Média,Bronze
35,Zeca Carvalho,zeca@email.com,(00) 00000-0000,2014-05-11,1999-03-16,6875.0,Platinum,22,82500.0,12,0.27,Média,Bronze
36,Bruno Castro,bruno@email.com,(11) 1550-2194,2002-06-04,2009-12-03,6875.0,Platinum,28,82500.0,23,0.4,Média,Bronze
37,Silvia Souza,silvia@email.com,(00) 00000-0000,2008-10-23,2023-06-27,6875.0,Gold,39,82500.0,17,0.45,Média,Regular
38,Xuxa Ribeiro,xuxa@email.com,(63) 59571-2268,2004-02-02,2011-06-11,6875.0,Basic,47,82500.0,22,0.55,Média,Regular
39,Beatriz Castro,beatriz@email.com,(89) 4827-3351,2022-03-23,2013-04-01,369.0,Premium,28,4428.0,4,0.25,Baixa,Bronze
40,Ana Pereira,ana@email.com,(34) 7862-7749,2010-10-24,2013-05-30,6875.0,Basic,28,82500.0,15,0.35,Média,Bronze
41,Patrícia Souza,patrícia@empresa.com,(12) 5577-2507,2020-11-01,2009-11-01,114812.0,Basic,43,1377744.0,5,0.61,Alta,Regular
42,Carla Freitas,carla@email.com.br,(11) 71985-6421,2016-12-08,2025-05-01,478.0,Premium,29,5736.0,9,0.3,Baixa,Bronze
43,Karina Alves,karina@email.com,(49) 7215-8441,2014-05-11,2000-01-11,128.0,Diamond,28,1536.0,12,0.31,Baixa,Bronze
44,Wagner Dias,wagner@email.com,(11) 50613-3624,2015-10-19,2003-03-20,13795.0,Gold,33,165540.0,10,0.36,Alta,Bronze
45,Silvia Martins,silvia@email.com,(00) 00000-0000,2022-07-10,2024-12-02,3350.0,Basic,28,40200.0,3,0.25,Média,Bronze
46,Henrique Lima,henrique@email.com,(59) 9295-1513,2011-10-17,1999-02-13,13460.0,Premium,28,161520.0,14,0.35,Alta,Bronze
47,Zeca Ribeiro,zeca@empresa.com,(00) 00000-0000,2014-05-11,2012-11-08,6875.0,Basic,28,82500.0,12,0.32,Média,Bronze
48,Xuxa Lima,xuxa@email.com,(97) 2761-1578,2016-02-05,2021-04-29,256.0,Diamond,25,3072.0,10,0.27,Baixa,Bronze
49,Rafael Barbosa,desconhecido@email.com,(70) 5624-2454,2016-03-07,2026-04-19,6875.0,Premium,28,82500.0,10,0.31,Média,Bronze
50,Débora Souza,débora@email.com,(69) 37298-6878,2000-10-22,2012-04-08,74691.0,Basic,28,896292.0,25,0.56,Alta,Regular
51,Ana Almeida,ana@email.com,(00) 00000-0000,2010-08-11,2012-11-08,335.0,Basic,37,4020.0,15,0.41,Baixa,Regular
52,Patrícia Ferreira,patrícia@email.com,(00) 00000-0000,2009-11-08,2012-04-24,6875.0,Basic,49,82500.0,16,0.52,Média,Regular
53,Mariana Almeida,desconhecido@email.com,(00) 00000-0000,2023-03-08,2003-01-31,6875.0,Outros,37,82500.0,3,0.33,Média,Bronze
54,Xuxa Pereira,xuxa@empresa.com,(00) 00000-0000,2002-07-19,2024-09-19,6875.0,Diamond,28,82500.0,23,0.4,Média,Bronze
55,Natália Silva,natália@email.com,(00) 00000-0000,2021-12-17,2021-04-13,122461.0,Basic,28,1469532.0,4,0.5,Alta,Regular
56,Felipe Santos,felipe@email.com,(69) 42600-7273,2018-03-08,2014-01-19,6875.0,Basic,28,82500.0,8,0.29,Média,Bronze
57,Beatriz Oliveira,beatriz@email.com,(11) 90180-8936,2016-08-08,2008-12-08,6875.0,Gold,38,82500.0,9,0.38,Média,Bronze
58,Débora Almeida,débora@email.com,(79) 56470-3047,2019-05-03,2010-10-20,6875.0,Basic,28,82500.0,7,0.29,Média,Bronze
59,Carlos Campos,carlos@email.com,(00) 00000-0000,2019-11-27,2006-05-29,6875.0,Gold,28,82500.0,6,0.28,Média,Bronze
60,Patrícia Ferreira,patrícia@email.com,(11) 99515-1046,2012-04-11,2018-07-29,6875.0,Gold,28,82500.0,14,0.34,Média,Bronze
61,Karina Lima,karina@email.com,(00) 00000-0000,2023-05-27,2021-10-09,6875.0,Premium,28,82500.0,2,0.25,Média,Bronze
62,Vanessa Souza,vanessa@email.com,(25) 9983-9910,2019-09-17,2012-11-08,100762.0,Não informado,28,1209144.0,6,0.47,Alta,Regular
63,Débora Carvalho,débora@email.com,(83) 92849-1161,2012-08-30,2003-12-21,6875.0,Diamond,28,82500.0,13,0.33,Média,Bronze
64,Carlos Silva,carlos@email.com,(00) 00000-0000,2020-09-10,2015-09-08,6875.0,Platinum,28,82500.0,5,0.27,Média,Bronze
65,João Oliveira,joão@email.com.br,(24) 3598-2548,2002-01-05,2000-11-30,5628.0,Premium,28,67536.0,24,0.41,Média,Regular
66,Carlos Ribeiro,carlos@email.com,(00) 00000-0000,2000-08-07,2004-07-06,119967.0,Gold,28,1439604.0,25,0.65,Alta,Regular
67,Henrique Carvalho,henrique@empresa.com,(30) 29508-6706,2000-03-29,2000-04-12,205.0,Platinum,28,2460.0,26,0.41,Baixa,Regular
68,Natália Rocha,natália@email.com,(20) 93038-4167,2014-05-11,2010-04-14,110.0,Platinum,28,1320.0,12,0.31,Baixa,Bronze
69,Eduarda Dias,eduarda@email.com.br,(00) 00000-0000,2001-10-08,2002-09-13,6875.0,Premium,28,82500.0,24,0.41,Média,Regular
70,João Oliveira,desconhecido@email.com,(00) 00000-0000,2019-12-09,2020-05-27,179.0,Gold,28,2148.0,6,0.27,Baixa,Bronze
71,Bruno Rocha,bruno@email.com,(67) 47516-7380,2021-11-25,2019-04-18,155189.0,Platinum,28,1862268.0,4,0.56,Alta,Regular
72,Isabela Lima,isabela@email.com,(00) 00000-0000,2023-01-09,2013-01-16,6875.0,Platinum,28,82500.0,3,0.26,Média,Bronze
73,Bruno Souza,bruno@email.com,(00) 00000-0000,2010-02-15,2022-10-30,6875.0,Gold,28,82500.0,16,0.35,Média,Bronze
74,Silvia Almeida,silvia@email.com,(11) 67540-1746,2005-09-26,2002-02-09,6875.0,Platinum,28,82500.0,20,0.38,Média,Bronze
75,Carlos Ferreira,carlos@email.com,(87) 73174-1845,2013-10-03,2005-07-13,6875.0,Platinum,22,82500.0,12,0.27,Média,Bronze
76,Eduardo Pereira,eduardo@email.com,(95) 85347-7628,2020-01-30,2021-05-20,6875.0,Basic,28,82500.0,6,0.28,Média,Bronze
77,Zeca Barbosa,zeca@email.com,(00) 00000-0000,2019-10-07,2023-05-09,6875.0,Premium,28,82500.0,6,0.28,Média,Bronze
78,Eduardo Ferreira,eduardo@email.com,(11) 51539-8015,2019-07-22,2005-10-26,373.0,Premium,20,4476.0,6,0.2,Baixa,Bronze
79,Patrícia Castro,patrícia@email.com,(00) 00000-0000,2003-06-18,2019-12-13,6875.0,Gold,28,82500.0,22,0.4,Média,Bronze
80,Carlos Silva,carlos@email.com,(00) 00000-0000,2024-07-29,2020-10-29,6875.0,Não informado,28,82500.0,1,0.24,Média,Bronze
81,Bruno Barbosa,bruno@email.com,(00) 00000-0000,2016-12-08,2022-08-05,133.0,Platinum,28,1596.0,9,0.29,Baixa,Bronze
82,Rafael Freitas,rafael@email.com,(32) 68268-2285,2000-04-29,2017-08-01,313.0,Diamond,28,3756.0,26,0.41,Baixa,Regular
83,Wagner Campos,wagner@email.com.br,(19) 57033-9781,2021-04-19,2019-10-24,1879.0,Platinum,28,22548.0,5,0.26,Baixa,Bronze
84,Carlos Martins,carlos@email.com.br,(68) 68948-9340,2019-11-16,2018-10-08,130950.0,Outros,28,1571400.0,6,0.53,Alta,Regular
85,Wagner Carvalho,wagner@email.com,(00) 00000-0000,2025-04-14,2010-08-02,173224.0,Diamond,28,2078688.0,1,0.58,Alta,Regular
86,João Dias,joão@email.com,(00) 00000-0000,2008-11-08,2006-12-23,6875.0,Não informado,28,82500.0,17,0.36,Média,Bronze
87,Isabela Santos,isabela@email.com,(80) 9388-8299,2022-03-15,2007-10-26,6875.0,Basic,28,82500.0,4,0.26,Média,Bronze
88,Carlos Carvalho,carlos@email.com,(12) 74450-3955,2006-03-31,2018-08-23,4620.0,Basic,28,55440.0,20,0.38,Média,Bronze
89,Natália Martins,natália@empresa.com,(24) 46176-7350,2009-07-25,2005-11-21,6875.0,Gold,24,82500.0,16,0.32,Média,Bronze
90,Thiago Alves,thiago@email.com,(29) 2297-9671,2005-12-04,2021-05-16,306.0,Premium,36,3672.0,20,0.43,Baixa,Regular
91,Silvia Souza,silvia@email.com,(11) 32265-4485,1999-12-25,2016-11-16,6875.0,Premium,18,82500.0,26,0.35,Média,Bronze
92,Karina Rocha,desconhecido@email.com,(69) 90396-8020,2011-03-12,2004-12-25,12271.0,Diamond,28,147252.0,15,0.36,Alta,Bronze
93,Henrique Alves,henrique@email.com,(00) 00000-0000,2014-05-11,2012-11-08,5673.0,Premium,28,68076.0,12,0.32,Média,Bronze
94,Lucas Castro,lucas@email.com,(17) 18595-2452,2014-05-11,2016-06-01,151.0,Premium,20,1812.0,12,0.24,Baixa,Bronze
95,Rafael Santos,rafael@email.com,(93) 1769-3291,2010-08-31,2007-10-21,6875.0,Premium,33,82500.0,15,0.39,Média,Bronze
96,Vanessa Rocha,vanessa@empresa.com,(93) 43929-2027,2016-07-21,2009-11-16,6875.0,Gold,16,82500.0,9,0.2,Média,Bronze
97,Felipe Ribeiro,felipe@email.com,(44) 26454-2914,2004-03-18,2015-04-07,1000.0,Platinum,28,12000.0,22,0.39,Baixa,Bronze
98,Silvia Campos,silvia@empresa.com,(69) 61374-4493,2018-09-19,2005-03-25,6875.0,Gold,44,82500.0,7,0.42,Média,Regular
99,Beatriz Freitas,beatriz@email.com,(24) 6290-4871,2008-09-19,2003-08-30,11541.0,Gold,28,138492.0,17,0.37,Alta,Bronze
100,Úrsula Rodrigues,úrsula@email.com.br,(00) 00000-0000,2004-08-16,2024-09-13,8.0,Platinum,28,96.0,21,0.38,Baixa,Bronze
101,Beatriz Carvalho,beatriz@email.com,(00) 00000-0000,2025-12-26,2016-10-22,6875.0,Diamond,29,82500.0,0,0.24,Média,Bronze
102,Karina Lima,desconhecido@email.com,(00) 00000-0000,2021-01-07,2025-11-12,6875.0,Platinum,35,82500.0,5,0.33,Média,Bronze
103,Isabela Ferreira,isabela@empresa.com,(63) 54080-5419,2014-05-11,1999-07-12,6875.0,Gold,28,82500.0,12,0.32,Média,Bronze
104,João Pereira,joão@email.com,(92) 78319-4182,2025-10-20,2007-03-04,58143.0,Premium,28,697716.0,0,0.34,Alta,Bronze
105,João Almeida,joão@email.com,(11) 32297-6576,2017-08-14,2011-07-16,4302.0,Diamond,28,51624.0,8,0.29,Média,Bronze
106,Gabriela Barbosa,gabriela@email.com.br,(39) 65945-8911,2011-06-14,2014-11-01,6875.0,Premium,31,82500.0,14,0.36,Média,Bronze
107,Daniel Lima,daniel@email.com.br,(14) 6173-9816,2006-09-11,2012-11-08,6875.0,Platinum,28,82500.0,19,0.37,Média,Bronze
108,Isabela Ferreira,isabela@empresa.com,(29) 40145-9590,2025-10-02,2002-12-11,64.0,Não informado,14,768.0,0,0.11,Baixa,Bronze
109,Rafael Silva,rafael@empresa.com,(00) 00000-0000,2000-03-25,1999-03-19,6695.0,Outros,28,80340.0,26,0.43,Média,Regular
110,Débora Martins,débora@email.com.br,(00) 00000-0000,2007-09-07,2010-12-23,6875.0,Platinum,28,82500.0,18,0.37,Média,Bronze
111,Mariana Campos,mariana@email.com,(87) 46026-3083,2014-05-11,2025-03-18,429.0,Gold,28,5148.0,12,0.31,Baixa,Bronze
112,Rafael Lima,rafael@empresa.com,(63) 95813-7870,2001-07-30,2025-02-01,283.0,Basic,14,3396.0,24,0.28,Baixa,Bronze
113,Otávio Carvalho,otávio@email.com,(00) 00000-0000,2025-11-25,2012-11-08,6875.0,Gold,28,82500.0,0,0.23,Média,Bronze
114,Débora Rocha,débora@email.com,(00) 00000-0000,2002-06-28,2023-11-17,6875.0,Diamond,28,82500.0,23,0.4,Média,Bronze
115,Daniel Gomes,daniel@email.com,(71) 2952-3376,2014-05-11,2024-06-09,9378.0,Basic,28,112536.0,12,0.33,Alta,Bronze
116,Úrsula Alves,úrsula@email.com,(74) 2605-6600,2011-09-23,2015-05-29,6875.0,Basic,28,82500.0,14,0.34,Média,Bronze
117,Yasmin Martins,yasmin@email.com,(14) 61669-9830,2015-03-30,2019-04-03,6875.0,Gold,28,82500.0,11,0.32,Média,Bronze
118,Zeca Souza,zeca@email.com,(13) 85595-4886,2022-02-05,2012-11-08,180353.0,Diamond,28,2164236.0,4,0.61,Alta,Regular
119,Rafael Pereira,rafael@email.com,(11) 66771-2768,2014-12-23,2021-05-09,4346.0,Platinum,28,52152.0,11,0.31,Média,Bronze
120,Vanessa Oliveira,vanessa@empresa.com,(00) 00000-0000,2026-04-14,2006-05-23,6875.0,Diamond,42,82500.0,0,0.35,Média,Bronze
121,João Silva,joão@email.com.br,(75) 83210-8164,2023-09-30,2014-12-21,6875.0,Basic,16,82500.0,2,0.15,Média,Bronze
122,Henrique Dias,henrique@email.com,(00) 00000-0000,2019-03-05,2012-11-08,1685.0,Gold,28,20220.0,7,0.28,Baixa,Bronze
123,Eduarda Rocha,eduarda@empresa.com,(00) 00000-0000,2001-02-04,2015-09-21,6875.0,Diamond,28,82500.0,25,0.42,Média,Regular
124,Ana Ferreira,ana@email.com,(41) 50006-9509,2014-05-11,2013-06-06,6875.0,Basic,21,82500.0,12,0.27,Média,Bronze
125,Vanessa Santos,vanessa@email.com,(11) 97560-3669,2025-05-19,2004-04-09,6875.0,Premium,28,82500.0,0,0.23,Média,Bronze
126,Eduardo Silva,eduardo@email.com,(11) 92146-6846,2015-10-13,2024-12-27,6875.0,Basic,35,82500.0,10,0.37,Média,Bronze
127,Carlos Oliveira,carlos@email.com,(00) 00000-0000,2014-05-11,2022-06-08,6875.0,Platinum,28,82500.0,12,0.32,Média,Bronze
128,Felipe Silva,desconhecido@email.com,(60) 63423-5990,2014-04-10,2021-01-04,79438.0,Basic,50,953256.0,12,0.65,Alta,Regular
129,Úrsula Carvalho,úrsula@email.com,(21) 28068-3296,2021-03-29,2012-10-02,11635.0,Gold,17,139620.0,5,0.19,Alta,Bronze
130,Patrícia Gomes,patrícia@email.com.br,(12) 58120-9992,2005-05-24,2013-07-02,6875.0,Diamond,28,82500.0,20,0.38,Média,Bronze
131,Ana Castro,ana@email.com.br,(11) 33654-1613,2023-10-01,2019-02-21,6875.0,Gold,43,82500.0,2,0.37,Média,Bronze
132,Karina Silva,karina@email.com,(35) 50928-6291,2008-09-04,2020-07-18,154432.0,Basic,28,1853184.0,17,0.66,Alta,Regular
133,Vanessa Santos,vanessa@empresa.com,(11) 40183-6757,2014-05-11,2011-06-09,76181.0,Não informado,28,914172.0,12,0.46,Alta,Regular
134,Lucas Castro,lucas@email.com,(55) 37151-7908,2015-11-19,2002-07-14,7535.0,Gold,28,90420.0,10,0.31,Média,Bronze
135,Gabriela Martins,gabriela@email.com,(00) 00000-0000,2023-10-08,2012-11-08,6875.0,Basic,16,82500.0,2,0.15,Média,Bronze
136,Patrícia Freitas,patrícia@email.com,(00) 00000-0000,2014-05-11,2007-02-26,6875.0,Basic,44,82500.0,12,0.45,Média,Regular
137,Henrique Martins,henrique@email.com,(65) 4037-6697,2020-12-06,2012-04-14,50.0,Basic,28,600.0,5,0.26,Baixa,Bronze
138,Karina Almeida,karina@email.com,(11) 98118-1671,2025-01-06,2015-03-07,6875.0,Premium,28,82500.0,1,0.24,Média,Bronze
139,Débora Alves,débora@email.com,(00) 00000-0000,2012-05-28,2016-06-09,6875.0,Diamond,28,82500.0,13,0.33,Média,Bronze
140,Carla Barbosa,carla@email.com,(00) 00000-0000,2003-12-10,2006-11-26,6875.0,Outros,28,82500.0,22,0.4,Média,Bronze
141,Lucas Castro,lucas@email.com,(72) 19401-8170,2014-05-11,2006-03-13,6875.0,Outros,28,82500.0,12,0.32,Média,Bronze
142,Carlos Campos,carlos@email.com,(00) 00000-0000,2000-05-09,2023-06-13,6875.0,Gold,32,82500.0,26,0.46,Média,Regular
143,Beatriz Oliveira,beatriz@email.com,(59) 68204-2025,2005-09-16,2002-08-19,6875.0,Premium,25,82500.0,20,0.36,Média,Bronze
144,Mariana Martins,mariana@email.com,(00) 00000-0000,2014-05-11,1999-04-02,6875.0,Gold,25,82500.0,12,0.3,Média,Bronze
145,Eduardo Lima,eduardo@email.com,(11) 97307-6338,2020-08-21,2012-11-08,6875.0,Outros,28,82500.0,5,0.27,Média,Bronze
146,Mariana Dias,mariana@email.com,(97) 51368-7160,2023-12-17,2002-05-12,6875.0,Platinum,28,82500.0,2,0.25,Média,Bronze
147,Lucas Rocha,lucas@email.com,(97) 30759-8407,1999-01-11,2011-11-14,6875.0,Outros,28,82500.0,27,0.43,Média,Regular
148,Vanessa Dias,vanessa@email.com.br,(00) 00000-0000,2015-06-03,2003-02-04,166291.0,Basic,28,1995492.0,10,0.63,Alta,Regular
149,Otávio Campos,otávio@email.com,(56) 5697-1708,2014-05-11,2011-02-06,6875.0,Gold,28,82500.0,12,0.32,Média,Bronze
150,Felipe Campos,felipe@email.com,(21) 12603-8170,2000-09-16,2009-01-08,6875.0,Gold,28,82500.0,25,0.42,Média,Regular
151,Karina Rocha,desconhecido@email.com,(12) 79410-7029,2024-01-16,2018-06-23,6875.0,Premium,28,82500.0,2,0.25,Média,Bronze
152,Eduardo Alves,eduardo@email.com.br,(94) 78313-8257,2016-12-18,2019-08-26,6875.0,Outros,28,82500.0,9,0.3,Média,Bronze
153,Úrsula Dias,úrsula@email.com,(69) 98767-2135,1999-02-26,2016-10-13,160.0,Platinum,11,1920.0,27,0.28,Baixa,Bronze
154,Mariana Silva,mariana@empresa.com,(11) 33787-2980,2014-12-06,2006-12-16,8680.0,Não informado,28,104160.0,11,0.32,Alta,Bronze
155,Alberto Dias,alberto@email.com,(00) 00000-0000,2023-02-08,2012-08-26,184308.0,Premium,28,2211696.0,3,0.61,Alta,Regular
156,Patrícia Rodrigues,patrícia@email.com,(88) 21065-1027,2014-05-11,2005-04-15,6875.0,Premium,28,82500.0,12,0.32,Média,Bronze
157,Yasmin Campos,yasmin@email.com,(20) 55530-2582,2014-05-11,2011-11-01,9942.0,Gold,28,119304.0,12,0.33,Alta,Bronze
158,Eduarda Santos,eduarda@email.com,(84) 94480-3502,2009-09-23,2005-07-02,6875.0,Gold,28,82500.0,16,0.35,Média,Bronze
159,Beatriz Oliveira,beatriz@empresa.com,(70) 1127-5463,2014-05-11,2021-11-01,6875.0,Premium,28,82500.0,12,0.32,Média,Bronze
160,Eduarda Souza,eduarda@email.com,(63) 84750-5821,2024-08-25,2012-08-26,74.0,Basic,18,888.0,1,0.15,Baixa,Bronze
161,Carlos Pereira,carlos@email.com,(12) 66970-2720,2014-05-11,2016-11-14,6875.0,Outros,28,82500.0,12,0.32,Média,Bronze
162,Daniel Silva,daniel@email.com,(62) 5697-6096,2005-07-31,2005-12-28,72.0,Outros,28,864.0,20,0.37,Baixa,Bronze
163,Úrsula Ribeiro,desconhecido@email.com,(86) 28949-4002,2014-05-11,2021-04-09,12294.0,Diamond,48,147528.0,12,0.5,Alta,Regular
164,Eduarda Martins,eduarda@email.com,(00) 00000-0000,2007-04-28,2012-11-13,6875.0,Premium,28,82500.0,19,0.37,Média,Bronze
165,Rafael Souza,rafael@email.com.br,(00) 00000-0000,2021-07-27,2009-12-16,6875.0,Basic,28,82500.0,4,0.26,Média,Bronze
166,Vanessa Pereira,vanessa@empresa.com,(36) 1196-9164,2022-10-26,2012-05-30,6875.0,Não informado,46,82500.0,3,0.4,Média,Bronze
167,Ana Rodrigues,ana@email.com.br,(00) 00000-0000,2005-02-02,2025-03-05,6875.0,Premium,28,82500.0,21,0.39,Média,Bronze
168,Daniel Santos,daniel@email.com,(00) 00000-0000,2010-11-04,2011-12-22,13889.0,Diamond,1,166668.0,15,0.14,Alta,Bronze
169,Beatriz Carvalho,beatriz@empresa.com,(96) 16487-4925,2011-03-30,2011-01-12,6875.0,Diamond,28,82500.0,15,0.35,Média,Bronze
170,Thiago Martins,thiago@email.com,(26) 5416-9100,2001-02-15,2012-11-08,3708.0,Diamond,28,44496.0,25,0.41,Média,Regular
171,Eduarda Ferreira,eduarda@email.com.br,(33) 60036-6262,1999-04-25,2004-05-06,6875.0,Premium,28,82500.0,27,0.43,Média,Regular
172,Wagner Freitas,wagner@email.com,(11) 33805-2514,2002-04-02,2012-11-08,6875.0,Gold,28,82500.0,24,0.41,Média,Regular
173,Mariana Lima,mariana@email.com,(34) 2727-4243,2025-04-18,2008-02-29,170742.0,Basic,28,2048904.0,1,0.57,Alta,Regular
174,Zeca Santos,zeca@empresa.com,(55) 38721-7745,2008-01-20,2016-04-29,6875.0,Platinum,43,82500.0,18,0.49,Média,Regular
175,Mariana Ferreira,mariana@email.com,(00) 00000-0000,2014-05-11,2006-11-04,6875.0,Basic,28,82500.0,12,0.32,Média,Bronze
176,Beatriz Castro,beatriz@email.com,(56) 8812-9306,2014-05-11,2005-03-29,6875.0,Basic,29,82500.0,12,0.33,Média,Bronze
177,Débora Oliveira,débora@email.com,(98) 8254-7210,2024-12-15,2015-09-10,6875.0,Platinum,28,82500.0,1,0.24,Média,Bronze
178,Mariana Ferreira,desconhecido@email.com,(16) 4836-1890,2020-10-21,2017-12-21,6875.0,Basic,28,82500.0,5,0.27,Média,Bronze
179,Ana Rocha,ana@email.com,(83) 92967-8069,2022-02-24,2002-09-06,6875.0,Premium,36,82500.0,4,0.33,Média,Bronze
180,Thiago Almeida,thiago@email.com,(80) 33986-5275,2014-05-11,2012-11-08,6875.0,Premium,2,82500.0,12,0.11,Média,Bronze
181,Mariana Campos,mariana@email.com.br,(11) 44583-7466,2025-08-10,1999-03-31,6875.0,Diamond,41,82500.0,0,0.34,Média,Bronze
182,Isabela Almeida,isabela@email.com,(71) 78619-7210,2008-05-23,2011-09-21,6875.0,Outros,28,82500.0,17,0.36,Média,Bronze
183,Yasmin Campos,yasmin@empresa.com,(00) 00000-0000,2000-12-27,2009-10-26,12583.0,Basic,28,150996.0,25,0.43,Alta,Regular
184,Bruno Ferreira,bruno@email.com,(00) 00000-0000,2007-03-08,2021-06-23,52.0,Gold,28,624.0,19,0.36,Baixa,Bronze
185,Felipe Campos,felipe@email.com,(00) 00000-0000,2021-12-27,1999-10-26,6875.0,Premium,28,82500.0,4,0.26,Média,Bronze
186,Felipe Campos,felipe@email.com,(34) 48312-6454,2019-07-14,2019-11-19,6875.0,Basic,28,82500.0,6,0.28,Média,Bronze
187,Otávio Rocha,otávio@email.com,(37) 1007-6487,2009-04-07,2014-05-18,58.0,Platinum,28,696.0,17,0.35,Baixa,Bronze
188,Yasmin Carvalho,yasmin@email.com,(00) 00000-0000,2023-11-13,2014-01-30,6875.0,Basic,28,82500.0,2,0.25,Média,Bronze
189,Zeca Almeida,zeca@email.com,(53) 6000-8736,2022-03-17,2025-12-06,6875.0,Premium,28,82500.0,4,0.26,Média,Bronze
190,Mariana Rocha,mariana@email.com.br,(77) 72011-9644,2006-08-25,2015-08-09,6875.0,Gold,19,82500.0,19,0.3,Média,Bronze
191,João Silva,joão@email.com.br,(85) 51363-2431,2023-03-03,2013-06-22,6875.0,Gold,28,82500.0,3,0.26,Média,Bronze
192,Mariana Dias,mariana@email.com,(00) 00000-0000,2000-07-19,2012-11-08,6875.0,Diamond,24,82500.0,25,0.39,Média,Bronze
193,Silvia Oliveira,silvia@email.com,(11) 88100-6353,2020-03-06,2008-04-16,16.0,Gold,28,192.0,6,0.26,Baixa,Bronze
194,Thiago Martins,thiago@email.com,(00) 00000-0000,2001-09-05,2006-01-10,13620.0,Premium,28,163440.0,24,0.43,Alta,Regular
195,Silvia Ferreira,silvia@email.com,(84) 63622-3901,2022-11-10,2010-01-11,6875.0,Gold,28,82500.0,3,0.26,Média,Bronze
196,Felipe Gomes,felipe@email.com,(59) 13495-5483,2002-07-25,2015-09-30,188573.0,Basic,28,2262876.0,23,0.77,Alta,Premium
197,Zeca Silva,zeca@email.com,(21) 1098-2760,2023-10-12,2003-12-11,1860.0,Gold,28,22320.0,2,0.24,Baixa,Bronze
198,Silvia Santos,silvia@email.com,(33) 3967-5656,2000-09-22,2023-07-20,6875.0,Diamond,28,82500.0,25,0.42,Média,Regular
199,Silvia Santos,silvia@email.com,(00) 00000-0000,2014-06-11,2013-01-21,6875.0,Diamond,43,82500.0,11,0.44,Média,Regular
200,João Rodrigues,joão@email.com,(25) 80214-1951,1999-08-24,2010-09-22,426.0,Premium,3,5112.0,26,0.21,Baixa,Bronze
206,Cliente Repetido,henrique@email.com,(71) 46240-8430,2022-12-22,2003-04-13,6875.0,Diamond,28,82500.0,3,0.26,Média,Bronze
